route_key,route_original,city_origin,city_destination_main,is_multi_destination,destination_count,created_at
1,BOGOTA D.C. - MANIZALES,BOGOTA D.C.,MANIZALES,0,1,2026-04-22 20:01:39
2,BOGOTA D.C. - MEDELLIN,BOGOTA D.C.,MEDELLIN,0,1,2026-04-22 20:01:39
3,BOGOTA D.C. - CUCUTA,BOGOTA D.C.,CUCUTA,0,1,2026-04-22 20:01:39
4,BOGOTA D.C. - CALI,BOGOTA D.C.,CALI,0,1,2026-04-22 20:01:39
5,BOGOTA D.C. - TENA,BOGOTA D.C.,TENA,0,1,2026-04-22 20:01:39
6,BOGOTA D.C. - CARTAGENA,BOGOTA D.C.,CARTAGENA,0,1,2026-04-22 20:01:39
7,BOGOTA D.C. - SANTA BARBARA,BOGOTA D.C.,SANTA BARBARA,0,1,2026-04-22 20:01:39
8,BOGOTA D.C. - IBAGUE,BOGOTA D.C.,IBAGUE,0,1,2026-04-22 20:01:39
9,BOGOTA D.C. - BOJACA,BOGOTA D.C.,BOJACA,0,1,2026-04-22 20:01:39
10,BOGOTA D.C. - ARMENIA,BOGOTA D.C.,ARMENIA,0,1,2026-04-22 20:01:39
11,IBAGUE - ANZOATEGUI,IBAGUE,ANZOATEGUI,0,1,2026-04-22 20:01:39
12,MOCOA - PUERTO CAICEDO,MOCOA,PUERTO CAICEDO,0,1,2026-04-22 20:01:39
13,BOGOTA D.C. - SANTA MARTA,BOGOTA D.C.,SANTA MARTA,0,1,2026-04-22 20:01:39
14,BOGOTA D.C. - FONSECA,BOGOTA D.C.,FONSECA,0,1,2026-04-22 20:01:39
15,RIOHACHA - DIBULLA GUAJIRA,RIOHACHA,DIBULLA GUAJIRA,0,1,2026-04-22 20:01:39
16,BOGOTA D.C. - SUTAMARCHAN,BOGOTA D.C.,SUTAMARCHAN,0,1,2026-04-22 20:01:39
17,BOGOTA D.C. - YOPAL,BOGOTA D.C.,YOPAL,0,1,2026-04-22 20:01:39
18,SANTA MARTA - BOGOTA D.C.,SANTA MARTA,BOGOTA D.C.,0,1,2026-04-22 20:01:39
19,BOGOTA D.C. - S.JUAN NEPOMUCENO,BOGOTA D.C.,S.JUAN NEPOMUCENO,0,1,2026-04-22 20:01:39
20,PASTO - BARBACOAS,PASTO,BARBACOAS,0,1,2026-04-22 20:01:39
21,BOGOTA D.C. - RICAURTE,BOGOTA D.C.,RICAURTE,0,1,2026-04-22 20:01:39
22,BOGOTA D.C. - VALLEDUPAR,BOGOTA D.C.,VALLEDUPAR,0,1,2026-04-22 20:01:39
23,NEIVA - ACEVEDO,NEIVA,ACEVEDO,0,1,2026-04-22 20:01:39
24,CALI - SEVILLA,CALI,SEVILLA,0,1,2026-04-22 20:01:39
25,BOGOTA D.C. - ACANDI,BOGOTA D.C.,ACANDI,0,1,2026-04-22 20:01:39
26,TUNJA - RAMIRIQUI,TUNJA,RAMIRIQUI,0,1,2026-04-22 20:01:39
27,PEREIRA - APIA,PEREIRA,APIA,0,1,2026-04-22 20:01:39
28,POPAYAN - BOLIVAR,POPAYAN,BOLIVAR,0,1,2026-04-22 20:01:39
29,BUCARAMANGA - VELEZ,BUCARAMANGA,VELEZ,0,1,2026-04-22 20:01:39
30,BOGOTA D.C. - MOSQUERA,BOGOTA D.C.,MOSQUERA,0,1,2026-04-22 20:01:39
31,NEIVA - PALESTINA,NEIVA,PALESTINA,0,1,2026-04-22 20:01:39
32,BOGOTA D.C. - PINCHOTE,BOGOTA D.C.,PINCHOTE,0,1,2026-04-22 20:01:39
33,MEDELLIN - BARBOSA,MEDELLIN,BARBOSA,0,1,2026-04-22 20:01:39
34,IBAGUE - PRADO,IBAGUE,PRADO,0,1,2026-04-22 20:01:39
35,VILLAVICENCIO - PUERTO RICO,VILLAVICENCIO,PUERTO RICO,0,1,2026-04-22 20:01:39
36,BOGOTA D.C. - SABANALARGA,BOGOTA D.C.,SABANALARGA,0,1,2026-04-22 20:01:39
37,PASTO - ALBAN,PASTO,ALBAN,0,1,2026-04-22 20:01:39
38,PASTO - ROBERTO PAYAN,PASTO,ROBERTO PAYAN,0,1,2026-04-22 20:01:39
39,TUNJA - PUERTO BOYACA,TUNJA,PUERTO BOYACA,0,1,2026-04-22 20:01:39
40,BOGOTA D.C. - SAHAGUN,BOGOTA D.C.,SAHAGUN,0,1,2026-04-22 20:01:39
41,NEIVA - ALTAMIRA,NEIVA,ALTAMIRA,0,1,2026-04-22 20:01:39
42,SINCELEJO - SAN - ABAD,SINCELEJO,SAN - ABAD,0,1,2026-04-22 20:01:39
43,VILLAVICENCIO - CUMARAL,VILLAVICENCIO,CUMARAL,0,1,2026-04-22 20:01:39
44,IBAGUE - PURIFICACION,IBAGUE,PURIFICACION,0,1,2026-04-22 20:01:39
45,SINCELEJO - CAIMITO,SINCELEJO,CAIMITO,0,1,2026-04-22 20:01:39
46,TUNJA - GAMEZA,TUNJA,GAMEZA,0,1,2026-04-22 20:01:39
47,BOGOTA D.C. - UBAQUE,BOGOTA D.C.,UBAQUE,0,1,2026-04-22 20:01:39
48,NEIVA - CAMPOALEGRE,NEIVA,CAMPOALEGRE,0,1,2026-04-22 20:01:39
49,BOGOTA D.C. - PASTO,BOGOTA D.C.,PASTO,0,1,2026-04-22 20:01:39
50,NEIVA - GARZON,NEIVA,GARZON,0,1,2026-04-22 20:01:39
51,"BOGOTA D.C. - PUERTO TEJADA , BOGOTA D.C. - MALAMBO",BOGOTA D.C.,PUERTO TEJADA,1,2,2026-04-22 20:01:39
52,MOCOA - SANTIAGO,MOCOA,SANTIAGO,0,1,2026-04-22 20:01:39
53,BOGOTA D.C. - SAN - ABAD,BOGOTA D.C.,SAN - ABAD,0,1,2026-04-22 20:01:39
54,RIOHACHA - BARRANCAS,RIOHACHA,BARRANCAS,0,1,2026-04-22 20:01:39
55,BOGOTA D.C. - PALMIRA,BOGOTA D.C.,PALMIRA,0,1,2026-04-22 20:01:39
56,BOGOTA D.C. - PEREIRA,BOGOTA D.C.,PEREIRA,0,1,2026-04-22 20:01:39
57,FLORENCIA - VALPARAISO,FLORENCIA,VALPARAISO,0,1,2026-04-22 20:01:39
58,TUNJA - CHITA,TUNJA,CHITA,0,1,2026-04-22 20:01:39
59,TUNJA - DUITAMA,TUNJA,DUITAMA,0,1,2026-04-22 20:01:39
60,TUNJA - PACHAVITA,TUNJA,PACHAVITA,0,1,2026-04-22 20:01:39
61,CALI - TULUA,CALI,TULUA,0,1,2026-04-22 20:01:39
62,POPAYAN - ARGELIA,POPAYAN,ARGELIA,0,1,2026-04-22 20:01:39
63,CALI - BUGALAGRANDE,CALI,BUGALAGRANDE,0,1,2026-04-22 20:01:39
64,POPAYAN - SAN SEBASTIAN,POPAYAN,SAN SEBASTIAN,0,1,2026-04-22 20:01:39
65,NEIVA - SUAZA,NEIVA,SUAZA,0,1,2026-04-22 20:01:39
66,MOCOA - SAN FRANCISCO,MOCOA,SAN FRANCISCO,0,1,2026-04-22 20:01:39
67,MEDELLIN - URAMITA,MEDELLIN,URAMITA,0,1,2026-04-22 20:01:39
68,IBAGUE - CHAPARRAL,IBAGUE,CHAPARRAL,0,1,2026-04-22 20:01:39
69,SANTA MARTA - CHIVOLO,SANTA MARTA,CHIVOLO,0,1,2026-04-22 20:01:39
70,BOGOTA D.C. - EL - DE BOLIVAR,BOGOTA D.C.,EL - DE BOLIVAR,0,1,2026-04-22 20:01:39
71,CARTAGENA - EL - DE BOLIVAR,CARTAGENA,EL - DE BOLIVAR,0,1,2026-04-22 20:01:39
72,BOGOTA D.C. - CURUMANI,BOGOTA D.C.,CURUMANI,0,1,2026-04-22 20:01:39
73,TUNJA - CHISCAS,TUNJA,CHISCAS,0,1,2026-04-22 20:01:39
74,BOGOTA D.C. - ESPINAL,BOGOTA D.C.,ESPINAL,0,1,2026-04-22 20:01:39
75,TUNJA - JERICO,TUNJA,JERICO,0,1,2026-04-22 20:01:39
76,BOGOTA D.C. - GIRARDOT,BOGOTA D.C.,GIRARDOT,0,1,2026-04-22 20:01:39
77,BOGOTA D.C. - LOS SANTOS,BOGOTA D.C.,LOS SANTOS,0,1,2026-04-22 20:01:39
78,BOGOTA D.C. - PAZ - ARIPORO,BOGOTA D.C.,PAZ - ARIPORO,0,1,2026-04-22 20:01:39
79,TUNJA - PAEZ,TUNJA,PAEZ,0,1,2026-04-22 20:01:39
80,POPAYAN - BUENOS AIRES,POPAYAN,BUENOS AIRES,0,1,2026-04-22 20:01:39
81,PASTO - TUMACO,PASTO,TUMACO,0,1,2026-04-22 20:01:39
82,BOGOTA D.C. - COCORNA,BOGOTA D.C.,COCORNA,0,1,2026-04-22 20:01:39
83,BOGOTA D.C. - BUCARAMANGA,BOGOTA D.C.,BUCARAMANGA,0,1,2026-04-22 20:01:39
84,POPAYAN - SILVIA,POPAYAN,SILVIA,0,1,2026-04-22 20:01:39
85,BOGOTA D.C. - NUQUI,BOGOTA D.C.,NUQUI,0,1,2026-04-22 20:01:39
86,SANTA MARTA - SAN ZENON,SANTA MARTA,SAN ZENON,0,1,2026-04-22 20:01:39
87,BUCARAMANGA - MALAGA,BUCARAMANGA,MALAGA,0,1,2026-04-22 20:01:39
88,CALI - GINEBRA,CALI,GINEBRA,0,1,2026-04-22 20:01:39
89,BOGOTA D.C. - RIOHACHA,BOGOTA D.C.,RIOHACHA,0,1,2026-04-22 20:01:39
90,BOGOTA D.C. - LETICIA,BOGOTA D.C.,LETICIA,0,1,2026-04-22 20:01:39
91,SINCELEJO - SAMPUES,SINCELEJO,SAMPUES,0,1,2026-04-22 20:01:39
92,IBAGUE - ESPINAL,IBAGUE,ESPINAL,0,1,2026-04-22 20:01:39
93,BOGOTA D.C. - MELGAR,BOGOTA D.C.,MELGAR,0,1,2026-04-22 20:01:39
94,CUCUTA - VILLA ROSARIO,CUCUTA,VILLA ROSARIO,0,1,2026-04-22 20:01:39
95,BOGOTA D.C. - TABIO,BOGOTA D.C.,TABIO,0,1,2026-04-22 20:01:39
96,YOPAL - MONTERREY,YOPAL,MONTERREY,0,1,2026-04-22 20:01:39
97,TUNJA - JENESANO,TUNJA,JENESANO,0,1,2026-04-22 20:01:39
98,BOGOTA D.C. - SINCELEJO,BOGOTA D.C.,SINCELEJO,0,1,2026-04-22 20:01:39
99,FLORENCIA - SAN - FRAGUA,FLORENCIA,SAN - FRAGUA,0,1,2026-04-22 20:01:39
100,SINCELEJO - SUCRE,SINCELEJO,SUCRE,0,1,2026-04-22 20:01:39
101,"BOGOTA D.C. - GIRARDOT , BOGOTA D.C. - DUITAMA , BOGOTA D.C. - CAQUEZA",BOGOTA D.C.,GIRARDOT,1,3,2026-04-22 20:01:39
102,BUCARAMANGA - SAN GIL,BUCARAMANGA,SAN GIL,0,1,2026-04-22 20:01:39
103,MONTERIA - PUERTO LIBERTADOR,MONTERIA,PUERTO LIBERTADOR,0,1,2026-04-22 20:01:39
104,MONTERIA - MONTELIBANO,MONTERIA,MONTELIBANO,0,1,2026-04-22 20:01:39
105,TUNJA - CUBARA,TUNJA,CUBARA,0,1,2026-04-22 20:01:39
106,BOGOTA D.C. - PACORA,BOGOTA D.C.,PACORA,0,1,2026-04-22 20:01:39
107,CALI - DAGUA,CALI,DAGUA,0,1,2026-04-22 20:01:39
108,NEIVA - SALADOBLANCO,NEIVA,SALADOBLANCO,0,1,2026-04-22 20:01:39
109,SINCELEJO - OVEJAS,SINCELEJO,OVEJAS,0,1,2026-04-22 20:01:39
110,VALLEDUPAR - AGUACHICA,VALLEDUPAR,AGUACHICA,0,1,2026-04-22 20:01:39
111,BOGOTA D.C. - SAN ESTANISLAO,BOGOTA D.C.,SAN ESTANISLAO,0,1,2026-04-22 20:01:39
112,"BOGOTA D.C. - SATIVASUR , BOGOTA D.C. - TASCO",BOGOTA D.C.,SATIVASUR,1,2,2026-04-22 20:01:39
113,RIOHACHA - EL MOLINO,RIOHACHA,EL MOLINO,0,1,2026-04-22 20:01:39
114,"BOGOTA D.C. - CORRALES , BOGOTA D.C. - BUSBANZA",BOGOTA D.C.,CORRALES,1,2,2026-04-22 20:01:39
115,IBAGUE - COELLO,IBAGUE,COELLO,0,1,2026-04-22 20:01:39
116,NEIVA - ALGECIRAS,NEIVA,ALGECIRAS,0,1,2026-04-22 20:01:39
117,MEDELLIN - ANORI,MEDELLIN,ANORI,0,1,2026-04-22 20:01:39
118,VALLEDUPAR - AGUSTIN CODAZZI,VALLEDUPAR,AGUSTIN CODAZZI,0,1,2026-04-22 20:01:39
119,PEREIRA - BALBOA,PEREIRA,BALBOA,0,1,2026-04-22 20:01:39
120,TUNJA - MOTAVITA,TUNJA,MOTAVITA,0,1,2026-04-22 20:01:39
121,IBAGUE - NATAGAIMA,IBAGUE,NATAGAIMA,0,1,2026-04-22 20:01:39
122,CARTAGENA - ARJONA,CARTAGENA,ARJONA,0,1,2026-04-22 20:01:39
123,BOGOTA D.C. - LA PEDRERA,BOGOTA D.C.,LA PEDRERA,0,1,2026-04-22 20:01:39
124,BOGOTA D.C. - GIRON,BOGOTA D.C.,GIRON,0,1,2026-04-22 20:01:39
125,TUNJA - GARAGOA,TUNJA,GARAGOA,0,1,2026-04-22 20:01:39
126,BOGOTA D.C. - VIOTA,BOGOTA D.C.,VIOTA,0,1,2026-04-22 20:01:39
127,IBAGUE - COYAIMA,IBAGUE,COYAIMA,0,1,2026-04-22 20:01:39
128,BOGOTA D.C. - BUENAVISTA,BOGOTA D.C.,BUENAVISTA,0,1,2026-04-22 20:01:39
129,BOGOTA D.C. - PUEBLO NUEVO,BOGOTA D.C.,PUEBLO NUEVO,0,1,2026-04-22 20:01:39
130,BOGOTA D.C. - PIEDECUESTA,BOGOTA D.C.,PIEDECUESTA,0,1,2026-04-22 20:01:39
131,TUNJA - TOPAGA,TUNJA,TOPAGA,0,1,2026-04-22 20:01:39
132,VALLEDUPAR - SAN DIEGO,VALLEDUPAR,SAN DIEGO,0,1,2026-04-22 20:01:39
133,BOGOTA D.C. - PUERTO SALGAR,BOGOTA D.C.,PUERTO SALGAR,0,1,2026-04-22 20:01:39
134,BUCARAMANGA - FLORIDABLANCA,BUCARAMANGA,FLORIDABLANCA,0,1,2026-04-22 20:01:39
135,BOGOTA D.C. - PUERTO GAITAN,BOGOTA D.C.,PUERTO GAITAN,0,1,2026-04-22 20:01:39
136,BOGOTA D.C. - ALBANIA (GUAJIRA),BOGOTA D.C.,ALBANIA (GUAJIRA),0,1,2026-04-22 20:01:39
137,BOGOTA D.C. - SAMPUES,BOGOTA D.C.,SAMPUES,0,1,2026-04-22 20:01:39
138,VILLAVICENCIO - SAN MARTIN,VILLAVICENCIO,SAN MARTIN,0,1,2026-04-22 20:01:39
139,BOGOTA D.C. - SANTUARIO,BOGOTA D.C.,SANTUARIO,0,1,2026-04-22 20:01:39
140,TUNJA - COMBITA,TUNJA,COMBITA,0,1,2026-04-22 20:01:39
141,CARTAGENA - BARRANCO - LOBA,CARTAGENA,BARRANCO - LOBA,0,1,2026-04-22 20:01:39
142,"BOGOTA D.C. - CAJICA , BOGOTA D.C. - CAJICA",BOGOTA D.C.,CAJICA,1,2,2026-04-22 20:01:39
143,MEDELLIN - CHIGORODO,MEDELLIN,CHIGORODO,0,1,2026-04-22 20:01:39
144,BUCARAMANGA - CARCASI,BUCARAMANGA,CARCASI,0,1,2026-04-22 20:01:39
145,PASTO - EL TAMBO,PASTO,EL TAMBO,0,1,2026-04-22 20:01:39
146,MONTERIA - PUEBLO NUEVO,MONTERIA,PUEBLO NUEVO,0,1,2026-04-22 20:01:39
147,SANTA MARTA - EL BANCO,SANTA MARTA,EL BANCO,0,1,2026-04-22 20:01:39
148,PASTO - TAMINANGO,PASTO,TAMINANGO,0,1,2026-04-22 20:01:39
149,BOGOTA D.C. - MUNICIPIO - PIAMONTE CAUCA,BOGOTA D.C.,MUNICIPIO - PIAMONTE CAUCA,0,1,2026-04-22 20:01:39
150,CALI - VERSALLES,CALI,VERSALLES,0,1,2026-04-22 20:01:39
151,BOGOTA D.C. - MONTERREY,BOGOTA D.C.,MONTERREY,0,1,2026-04-22 20:01:39
152,CARTAGENA - MONTERIA,CARTAGENA,MONTERIA,0,1,2026-04-22 20:01:39
153,BOGOTA D.C. - SOCHA,BOGOTA D.C.,SOCHA,0,1,2026-04-22 20:01:39
154,CALI - CAICEDONIA,CALI,CAICEDONIA,0,1,2026-04-22 20:01:39
155,PASTO - GUACHUCAL,PASTO,GUACHUCAL,0,1,2026-04-22 20:01:39
156,MOCOA - ORITO,MOCOA,ORITO,0,1,2026-04-22 20:01:39
157,BOGOTA D.C. - SANTA - DE CABAL,BOGOTA D.C.,SANTA - DE CABAL,0,1,2026-04-22 20:01:39
158,MANIZALES - AGUADAS,MANIZALES,AGUADAS,0,1,2026-04-22 20:01:39
159,BOGOTA D.C. - BOLIVAR,BOGOTA D.C.,BOLIVAR,0,1,2026-04-22 20:01:39
160,CARTAGENA - ACHI,CARTAGENA,ACHI,0,1,2026-04-22 20:01:39
161,CALI - CANDELARIA,CALI,CANDELARIA,0,1,2026-04-22 20:01:39
162,MONTERIA - AYAPEL,MONTERIA,AYAPEL,0,1,2026-04-22 20:01:39
163,PASTO - GUAITARILLA,PASTO,GUAITARILLA,0,1,2026-04-22 20:01:39
164,SAN - DEL GUAVIAR - CALAMAR,SAN,DEL GUAVIAR - CALAMAR,0,1,2026-04-22 20:01:39
165,TUNJA - TASCO,TUNJA,TASCO,0,1,2026-04-22 20:01:39
166,VILLAVICENCIO - BARRANCA - UPIA,VILLAVICENCIO,BARRANCA - UPIA,0,1,2026-04-22 20:01:39
167,BOGOTA D.C. - CAMPOHERMOSO,BOGOTA D.C.,CAMPOHERMOSO,0,1,2026-04-22 20:01:39
168,BOGOTA D.C. - MONTERIA,BOGOTA D.C.,MONTERIA,0,1,2026-04-22 20:01:39
169,RIOHACHA - URIBIA,RIOHACHA,URIBIA,0,1,2026-04-22 20:01:39
170,BOGOTA D.C. - LEBRIJA,BOGOTA D.C.,LEBRIJA,0,1,2026-04-22 20:01:39
171,RIOHACHA - FONSECA,RIOHACHA,FONSECA,0,1,2026-04-22 20:01:39
172,BOGOTA D.C. - MAICAO,BOGOTA D.C.,MAICAO,0,1,2026-04-22 20:01:39
173,"BOGOTA D.C. - BUENAVISTA , BOGOTA D.C. - AGUSTIN CODAZZI",BOGOTA D.C.,BUENAVISTA,1,2,2026-04-22 20:01:39
174,CALI - BUENAVENTURA,CALI,BUENAVENTURA,0,1,2026-04-22 20:01:39
175,SINCELEJO - COROZAL,SINCELEJO,COROZAL,0,1,2026-04-22 20:01:39
176,SANTA MARTA - CONCORDIA,SANTA MARTA,CONCORDIA,0,1,2026-04-22 20:01:39
177,TUNJA - AQUITANIA,TUNJA,AQUITANIA,0,1,2026-04-22 20:01:39
178,BOGOTA D.C. - PIOJO,BOGOTA D.C.,PIOJO,0,1,2026-04-22 20:01:39
179,CARTAGENA - SOPLAVIENTO,CARTAGENA,SOPLAVIENTO,0,1,2026-04-22 20:01:39
180,SAN ANDRES - PROVIDENCIA,SAN ANDRES,PROVIDENCIA,0,1,2026-04-22 20:01:39
181,PASTO - LA FLORIDA,PASTO,LA FLORIDA,0,1,2026-04-22 20:01:39
182,NEIVA - ISNOS,NEIVA,ISNOS,0,1,2026-04-22 20:01:39
183,BOGOTA D.C. - SAN - MIRANDA,BOGOTA D.C.,SAN - MIRANDA,0,1,2026-04-22 20:01:39
184,CARTAGENA - MUNICIPIO - - BOLIVAR,CARTAGENA,MUNICIPIO - - BOLIVAR,0,1,2026-04-22 20:01:39
185,"BOGOTA D.C. - BARRANQUILLA , BOGOTA D.C. - RIO - CHOCO (CHOCO)",BOGOTA D.C.,BARRANQUILLA,1,2,2026-04-22 20:01:39
186,MANIZALES - BELALCAZAR,MANIZALES,BELALCAZAR,0,1,2026-04-22 20:01:39
187,VALLEDUPAR - TAMALAMEQUE,VALLEDUPAR,TAMALAMEQUE,0,1,2026-04-22 20:01:39
188,TUNJA - SOGAMOSO,TUNJA,SOGAMOSO,0,1,2026-04-22 20:01:39
189,BOGOTA D.C. - BARRANQUILLA,BOGOTA D.C.,BARRANQUILLA,0,1,2026-04-22 20:01:39
190,BOGOTA D.C. - HONDA,BOGOTA D.C.,HONDA,0,1,2026-04-22 20:01:39
191,BOGOTA D.C. - NUEVO COLON,BOGOTA D.C.,NUEVO COLON,0,1,2026-04-22 20:01:39
192,IBAGUE - PLANADAS,IBAGUE,PLANADAS,0,1,2026-04-22 20:01:39
193,"BOGOTA D.C. - CARTAGENA , BOGOTA D.C. - SANTA MARTA",BOGOTA D.C.,CARTAGENA,1,2,2026-04-22 20:01:39
194,BOGOTA D.C. - LURUACO,BOGOTA D.C.,LURUACO,0,1,2026-04-22 20:01:39
195,BOGOTA D.C. - SAN ANTERO,BOGOTA D.C.,SAN ANTERO,0,1,2026-04-22 20:01:39
196,MOCOA - VALLE GUAMUEZ (LA HORMIGA),MOCOA,VALLE GUAMUEZ (LA HORMIGA),0,1,2026-04-22 20:01:39
197,POPAYAN - EL TAMBO,POPAYAN,EL TAMBO,0,1,2026-04-22 20:01:39
198,BOGOTA D.C. - JUAN - ACOSTA,BOGOTA D.C.,JUAN - ACOSTA,0,1,2026-04-22 20:01:39
199,"BOGOTA D.C. - MEDELLIN , BOGOTA D.C. - BUGA",BOGOTA D.C.,MEDELLIN,1,2,2026-04-22 20:01:39
200,CARTAGENA - SANTA ROSA,CARTAGENA,SANTA ROSA,0,1,2026-04-22 20:01:39
201,MEDELLIN - BELMIRA,MEDELLIN,BELMIRA,0,1,2026-04-22 20:01:39
202,"CALI - BUGALAGRANDE , CALI - TORO",CALI,BUGALAGRANDE,1,2,2026-04-22 20:01:39
203,YOPAL - SAN - DE PALENQUE,YOPAL,SAN - DE PALENQUE,0,1,2026-04-22 20:01:39
204,CUCUTA - LOS PATIOS,CUCUTA,LOS PATIOS,0,1,2026-04-22 20:01:39
205,MEDELLIN - AMAGA,MEDELLIN,AMAGA,0,1,2026-04-22 20:01:39
206,BOGOTA D.C. - FLORENCIA,BOGOTA D.C.,FLORENCIA,0,1,2026-04-22 20:01:39
207,TUNJA - VILLA - LEYVA,TUNJA,VILLA - LEYVA,0,1,2026-04-22 20:01:39
208,BOGOTA D.C. - ARAUCA,BOGOTA D.C.,ARAUCA,0,1,2026-04-22 20:01:39
209,BOGOTA D.C. - VILLAVICENCIO,BOGOTA D.C.,VILLAVICENCIO,0,1,2026-04-22 20:01:39
210,BOGOTA D.C. - MANATI,BOGOTA D.C.,MANATI,0,1,2026-04-22 20:01:39
211,BOGOTA D.C. - RIONEGRO,BOGOTA D.C.,RIONEGRO,0,1,2026-04-22 20:01:39
212,TUNJA - TUTASA,TUNJA,TUTASA,0,1,2026-04-22 20:01:39
213,TUNJA - SOCHA,TUNJA,SOCHA,0,1,2026-04-22 20:01:39
214,PEREIRA - QUINCHIA,PEREIRA,QUINCHIA,0,1,2026-04-22 20:01:39
215,POPAYAN - LA SIERRA,POPAYAN,LA SIERRA,0,1,2026-04-22 20:01:39
216,MONTERIA - LORICA,MONTERIA,LORICA,0,1,2026-04-22 20:01:39
217,BOGOTA D.C. - CHIQUINQUIRA,BOGOTA D.C.,CHIQUINQUIRA,0,1,2026-04-22 20:01:39
218,BOGOTA D.C. - BARRANCABERMEJA,BOGOTA D.C.,BARRANCABERMEJA,0,1,2026-04-22 20:01:39
219,CALI - BOGOTA D.C.,CALI,BOGOTA D.C.,0,1,2026-04-22 20:01:39
220,RIOHACHA - MAICAO,RIOHACHA,MAICAO,0,1,2026-04-22 20:01:39
221,MEDELLIN - PUERTO TRIUNFO,MEDELLIN,PUERTO TRIUNFO,0,1,2026-04-22 20:01:39
222,BOGOTA D.C. - QUIBDO,BOGOTA D.C.,QUIBDO,0,1,2026-04-22 20:01:39
223,BOGOTA D.C. - VELEZ,BOGOTA D.C.,VELEZ,0,1,2026-04-22 20:01:39
224,CARTAGENA - EL - (BOLIVAR),CARTAGENA,EL - (BOLIVAR),0,1,2026-04-22 20:01:39
225,BOGOTA D.C. - NARIÑO,BOGOTA D.C.,NARIÑO,0,1,2026-04-22 20:01:39
226,"VILLAVICENCIO - GRANADA , VILLAVICENCIO - RESTREPO",VILLAVICENCIO,GRANADA,1,2,2026-04-22 20:01:39
227,BOGOTA D.C. - COVENAS (SUCRE),BOGOTA D.C.,COVENAS (SUCRE),0,1,2026-04-22 20:01:39
228,BOGOTA D.C. - EL PEÑON,BOGOTA D.C.,EL PEÑON,0,1,2026-04-22 20:01:39
229,TUNJA - SAMACA,TUNJA,SAMACA,0,1,2026-04-22 20:01:39
230,BOGOTA D.C. - CAIMITO,BOGOTA D.C.,CAIMITO,0,1,2026-04-22 20:01:39
231,BOGOTA D.C. - MONGUI,BOGOTA D.C.,MONGUI,0,1,2026-04-22 20:01:39
232,BOGOTA D.C. - LA CRUZ,BOGOTA D.C.,LA CRUZ,0,1,2026-04-22 20:01:39
233,CARTAGENA - S.JUAN NEPOMUCENO,CARTAGENA,S.JUAN NEPOMUCENO,0,1,2026-04-22 20:01:39
234,SINCELEJO - SAN MARCOS,SINCELEJO,SAN MARCOS,0,1,2026-04-22 20:01:39
235,BOGOTA D.C. - LA UNION,BOGOTA D.C.,LA UNION,0,1,2026-04-22 20:01:39
236,MOCOA - PUERTO LEGUIZAMO,MOCOA,PUERTO LEGUIZAMO,0,1,2026-04-22 20:01:39
237,CARTAGENA - MOMPOS,CARTAGENA,MOMPOS,0,1,2026-04-22 20:01:39
238,TUNJA - FLORESTA,TUNJA,FLORESTA,0,1,2026-04-22 20:01:39
239,BOGOTA D.C. - GIGANTE,BOGOTA D.C.,GIGANTE,0,1,2026-04-22 20:01:39
240,PEREIRA - BELEN - UMBRIA,PEREIRA,BELEN - UMBRIA,0,1,2026-04-22 20:01:39
241,POPAYAN - LA VEGA,POPAYAN,LA VEGA,0,1,2026-04-22 20:01:39
242,BUCARAMANGA - RIONEGRO,BUCARAMANGA,RIONEGRO,0,1,2026-04-22 20:01:39
243,VALLEDUPAR - CHIMICHAGUA,VALLEDUPAR,CHIMICHAGUA,0,1,2026-04-22 20:01:39
244,BOGOTA D.C. - TAURAMENA,BOGOTA D.C.,TAURAMENA,0,1,2026-04-22 20:01:39
245,CUCUTA - CHITAGA,CUCUTA,CHITAGA,0,1,2026-04-22 20:01:39
246,BUCARAMANGA - BARRANCABERMEJA,BUCARAMANGA,BARRANCABERMEJA,0,1,2026-04-22 20:01:39
247,"BOGOTA D.C. - CALI , BOGOTA D.C. - PAMPLONA",BOGOTA D.C.,CALI,1,2,2026-04-22 20:01:39
248,TUNJA - GUAYATA,TUNJA,GUAYATA,0,1,2026-04-22 20:01:39
249,BOGOTA D.C. - CAQUEZA,BOGOTA D.C.,CAQUEZA,0,1,2026-04-22 20:01:39
250,MEDELLIN - NECOCLI,MEDELLIN,NECOCLI,0,1,2026-04-22 20:01:39
251,BOGOTA D.C. - PUERTO BOYACA,BOGOTA D.C.,PUERTO BOYACA,0,1,2026-04-22 20:01:39
252,"BOGOTA D.C. - CARTAGENA , BOGOTA D.C. - CARTAGENA",BOGOTA D.C.,CARTAGENA,1,2,2026-04-22 20:01:39
253,BOGOTA D.C. - SANTANDER - Q.,BOGOTA D.C.,SANTANDER - Q.,0,1,2026-04-22 20:01:39
254,BOGOTA D.C. - CIENAGA - ORO,BOGOTA D.C.,CIENAGA - ORO,0,1,2026-04-22 20:01:39
255,MOCOA - PUERTO GUZMAN,MOCOA,PUERTO GUZMAN,0,1,2026-04-22 20:01:39
256,RIOHACHA - MANAURE,RIOHACHA,MANAURE,0,1,2026-04-22 20:01:39
257,SANTA MARTA - EL PINON,SANTA MARTA,EL PINON,0,1,2026-04-22 20:01:39
258,BOGOTA D.C. - APARTADO,BOGOTA D.C.,APARTADO,0,1,2026-04-22 20:01:39
259,BOGOTA D.C. - UTICA,BOGOTA D.C.,UTICA,0,1,2026-04-22 20:01:39
260,BOGOTA D.C. - PUERTO LOPEZ,BOGOTA D.C.,PUERTO LOPEZ,0,1,2026-04-22 20:01:39
261,"ARAUCA - ARAUQUITA , ARAUQUITA - SARAVENA , SARAVENA - TAME",ARAUCA,ARAUQUITA,1,3,2026-04-22 20:01:39
262,CARTAGENA - TURBACO,CARTAGENA,TURBACO,0,1,2026-04-22 20:01:39
263,VILLAVICENCIO - VILLAVICENCIO,VILLAVICENCIO,VILLAVICENCIO,0,1,2026-04-22 20:01:39
264,POPAYAN - GUACHENÉ,POPAYAN,GUACHENÉ,0,1,2026-04-22 20:01:39
265,PASTO - TUQUERRES,PASTO,TUQUERRES,0,1,2026-04-22 20:01:39
266,MEDELLIN - DON MATIAS,MEDELLIN,DON MATIAS,0,1,2026-04-22 20:01:39
267,"BOGOTA D.C. - PITALITO , BOGOTA D.C. - SAN ANDRES",BOGOTA D.C.,PITALITO,1,2,2026-04-22 20:01:39
268,BARRANQUILLA - MALAMBO,BARRANQUILLA,MALAMBO,0,1,2026-04-22 20:01:39
269,BOGOTA D.C. - ISNOS,BOGOTA D.C.,ISNOS,0,1,2026-04-22 20:01:39
270,PASTO - IPIALES,PASTO,IPIALES,0,1,2026-04-22 20:01:39
271,MOCOA - SIBUNDOY,MOCOA,SIBUNDOY,0,1,2026-04-22 20:01:39
272,"SINCELEJO - LOS PALMITOS , SINCELEJO - COROZAL , SINCELEJO - OVEJAS , SINCELEJO - CHALAN , SINCELEJO - COLOSO",SINCELEJO,LOS PALMITOS,1,5,2026-04-22 20:01:39
273,PASTO - CUMBAL,PASTO,CUMBAL,0,1,2026-04-22 20:01:39
274,BOGOTA D.C. - SOACHA,BOGOTA D.C.,SOACHA,0,1,2026-04-22 20:01:39
275,TUNJA - OTANCHE,TUNJA,OTANCHE,0,1,2026-04-22 20:01:39
276,BOGOTA D.C. - FLANDES,BOGOTA D.C.,FLANDES,0,1,2026-04-22 20:01:39
277,"BUCARAMANGA - SAN GIL , SAN GIL - VELEZ",BUCARAMANGA,SAN GIL,1,2,2026-04-22 20:01:39
278,BOGOTA D.C. - ITSMINA,BOGOTA D.C.,ITSMINA,0,1,2026-04-22 20:01:39
279,MEDELLIN - CAUCASIA,MEDELLIN,CAUCASIA,0,1,2026-04-22 20:01:39
280,MANIZALES - PAIPA,MANIZALES,PAIPA,0,1,2026-04-22 20:01:39
281,MONTERIA - CHINU,MONTERIA,CHINU,0,1,2026-04-22 20:01:39
282,BUCARAMANGA - PALMAS - SOCORRO,BUCARAMANGA,PALMAS - SOCORRO,0,1,2026-04-22 20:01:39
283,BOGOTA D.C. - VALENCIA,BOGOTA D.C.,VALENCIA,0,1,2026-04-22 20:01:39
284,MONTERIA - CANALETE,MONTERIA,CANALETE,0,1,2026-04-22 20:01:39
285,BOGOTA D.C. - POPAYAN,BOGOTA D.C.,POPAYAN,0,1,2026-04-22 20:01:39
286,SINCELEJO - GALERAS,SINCELEJO,GALERAS,0,1,2026-04-22 20:01:39
287,YOPAL - RECETOR,YOPAL,RECETOR,0,1,2026-04-22 20:01:39
288,"BARRANQUILLA - LURUACO , BARRANQUILLA - MANATI , BARRANQUILLA - USIACURI , BARRANQUILLA - JUAN - ACOSTA",BARRANQUILLA,LURUACO,1,4,2026-04-22 20:01:39
289,BOGOTA D.C. - VILLAMARIA,BOGOTA D.C.,VILLAMARIA,0,1,2026-04-22 20:01:39
290,BOGOTA D.C. - ALPUJARRA,BOGOTA D.C.,ALPUJARRA,0,1,2026-04-22 20:01:39
291,VILLAVICENCIO - SAN - DE ARAMA,VILLAVICENCIO,SAN - DE ARAMA,0,1,2026-04-22 20:01:39
292,SINCELEJO - SAN PEDRO,SINCELEJO,SAN PEDRO,0,1,2026-04-22 20:01:39
293,BOGOTA D.C. - TUNJA,BOGOTA D.C.,TUNJA,0,1,2026-04-22 20:01:39
294,CALI - CALI,CALI,CALI,0,1,2026-04-22 20:01:39
295,POPAYAN - PAEZ,POPAYAN,PAEZ,0,1,2026-04-22 20:01:39
296,SINCELEJO - CHALAN,SINCELEJO,CHALAN,0,1,2026-04-22 20:01:39
297,BOGOTA D.C. - MANI,BOGOTA D.C.,MANI,0,1,2026-04-22 20:01:39
298,VALLEDUPAR - LA - DE IBIRICO,VALLEDUPAR,LA - DE IBIRICO,0,1,2026-04-22 20:01:39
299,MEDELLIN - SAN CARLOS,MEDELLIN,SAN CARLOS,0,1,2026-04-22 20:01:39
300,VILLAVICENCIO - EL CASTILLO,VILLAVICENCIO,EL CASTILLO,0,1,2026-04-22 20:01:39
301,BOGOTA D.C. - GOMEZ PLATA,BOGOTA D.C.,GOMEZ PLATA,0,1,2026-04-22 20:01:39
302,ARAUCA - ARAUCA,ARAUCA,ARAUCA,0,1,2026-04-22 20:01:39
303,LETICIA - PUERTO NARINO,LETICIA,PUERTO NARINO,0,1,2026-04-22 20:01:39
304,BOGOTA D.C. - TRINIDAD,BOGOTA D.C.,TRINIDAD,0,1,2026-04-22 20:01:39
305,BOGOTA D.C. - ITAGUI,BOGOTA D.C.,ITAGUI,0,1,2026-04-22 20:01:39
306,"IBAGUE - ESPINAL , IBAGUE - MELGAR",IBAGUE,ESPINAL,1,2,2026-04-22 20:01:39
307,BOGOTA D.C. - NILO,BOGOTA D.C.,NILO,0,1,2026-04-22 20:01:39
308,BOGOTA D.C. - SAN AGUSTIN,BOGOTA D.C.,SAN AGUSTIN,0,1,2026-04-22 20:01:39
309,"SINCELEJO - GALERAS , SINCELEJO - SAN PEDRO , SINCELEJO - CHALAN",SINCELEJO,GALERAS,1,3,2026-04-22 20:01:39
310,"SINCELEJO - CHALAN , SINCELEJO - CHALAN",SINCELEJO,CHALAN,1,2,2026-04-22 20:01:39
311,BOGOTA D.C. - INIRIDA,BOGOTA D.C.,INIRIDA,0,1,2026-04-22 20:01:39
312,BOGOTA D.C. - TUCHIN,BOGOTA D.C.,TUCHIN,0,1,2026-04-22 20:01:39
313,BOGOTA D.C. - FUNZA,BOGOTA D.C.,FUNZA,0,1,2026-04-22 20:01:39
314,PEREIRA - BOGOTA D.C.,PEREIRA,BOGOTA D.C.,0,1,2026-04-22 20:01:39
315,POPAYAN - SANTANDER - Q.,POPAYAN,SANTANDER - Q.,0,1,2026-04-22 20:01:39
316,BOGOTA D.C. - LORICA,BOGOTA D.C.,LORICA,0,1,2026-04-22 20:01:39
317,BOGOTA D.C. - RESTREPO,BOGOTA D.C.,RESTREPO,0,1,2026-04-22 20:01:39
318,BOGOTA D.C. - SAN ANDRES,BOGOTA D.C.,SAN ANDRES,0,1,2026-04-22 20:01:39
319,BOGOTA D.C. - SAN - DEL GUAVIAR,BOGOTA D.C.,SAN - DEL GUAVIAR,0,1,2026-04-22 20:01:39
320,CARTAGENA - MAGANGUE,CARTAGENA,MAGANGUE,0,1,2026-04-22 20:01:39
321,BOGOTA D.C. - COTA,BOGOTA D.C.,COTA,0,1,2026-04-22 20:01:39
322,TUNJA - TIBANA,TUNJA,TIBANA,0,1,2026-04-22 20:01:39
323,SINCELEJO - SAN ONOFRE,SINCELEJO,SAN ONOFRE,0,1,2026-04-22 20:01:39
324,BOGOTA D.C. - POLICARPA,BOGOTA D.C.,POLICARPA,0,1,2026-04-22 20:01:39
325,FLORENCIA - EL PAUJIL,FLORENCIA,EL PAUJIL,0,1,2026-04-22 20:01:39
326,BOGOTA D.C. - JARDIN,BOGOTA D.C.,JARDIN,0,1,2026-04-22 20:01:39
327,BOGOTA D.C. - SILVANIA,BOGOTA D.C.,SILVANIA,0,1,2026-04-22 20:01:39
328,"BOGOTA D.C. - BARRANQUILLA , BARRANQUILLA - CARTAGENA",BOGOTA D.C.,BARRANQUILLA,1,2,2026-04-22 20:01:39
329,"BOGOTA D.C. - POPAYAN , BOGOTA D.C. - PUERTO CARRENO",BOGOTA D.C.,POPAYAN,1,2,2026-04-22 20:01:39
330,QUIBDO - EL CARMEN,QUIBDO,EL CARMEN,0,1,2026-04-22 20:01:39
331,VILLAVICENCIO - EL DORADO,VILLAVICENCIO,EL DORADO,0,1,2026-04-22 20:01:39
332,"NEIVA - SANTA MARIA , NEIVA - GARZON",NEIVA,SANTA MARIA,1,2,2026-04-22 20:01:39
333,"MEDELLIN - SAN ROQUE , MEDELLIN - ENTRERRIOS",MEDELLIN,SAN ROQUE,1,2,2026-04-22 20:01:39
334,BUCARAMANGA - GIRON,BUCARAMANGA,GIRON,0,1,2026-04-22 20:01:39
335,MEDELLIN - TURBO,MEDELLIN,TURBO,0,1,2026-04-22 20:01:39
336,BOGOTA D.C. - MOMPOS,BOGOTA D.C.,MOMPOS,0,1,2026-04-22 20:01:39
337,"BARRANQUILLA - SANTA LUCIA , BARRANQUILLA - CANDELARIA , BARRANQUILLA - PALMAR - VARELA (ATLANTICO) , BARRANQUILLA - MALAMBO",BARRANQUILLA,SANTA LUCIA,1,4,2026-04-22 20:01:39
338,QUIBDO - CERTEGUI (CHOCO),QUIBDO,CERTEGUI (CHOCO),0,1,2026-04-22 20:01:39
339,"BARRANQUILLA - MALAMBO , BARRANQUILLA - MALAMBO , BARRANQUILLA - MALAMBO",BARRANQUILLA,MALAMBO,1,3,2026-04-22 20:01:39
340,YOPAL - PAZ - ARIPORO,YOPAL,PAZ - ARIPORO,0,1,2026-04-22 20:01:39
341,BOGOTA D.C. - MADRID,BOGOTA D.C.,MADRID,0,1,2026-04-22 20:01:39
342,BOGOTA D.C. - SIBATE,BOGOTA D.C.,SIBATE,0,1,2026-04-22 20:01:39
343,QUIBDO - MEDIO - JUAN (CHOCO),QUIBDO,MEDIO - JUAN (CHOCO),0,1,2026-04-22 20:01:39
344,"QUIBDO - ITSMINA , QUIBDO - MUNICIPIO - DEL DARIEN",QUIBDO,ITSMINA,1,2,2026-04-22 20:01:39
345,CALI - FLORENCIA,CALI,FLORENCIA,0,1,2026-04-22 20:01:39
346,"CARTAGENA - MAGANGUE , CARTAGENA - SAN ESTANISLAO",CARTAGENA,MAGANGUE,1,2,2026-04-22 20:01:39
347,"BUCARAMANGA - VILLANUEVA , BUCARAMANGA - CERRITO",BUCARAMANGA,VILLANUEVA,1,2,2026-04-22 20:01:39
348,TUNJA - SANTA - DE VITERB,TUNJA,SANTA - DE VITERB,0,1,2026-04-22 20:01:39
349,BARRANQUILLA - PUERTO LIBERTADOR,BARRANQUILLA,PUERTO LIBERTADOR,0,1,2026-04-22 20:01:39
350,MEDELLIN - APARTADO,MEDELLIN,APARTADO,0,1,2026-04-22 20:01:39
351,BOGOTA D.C. - DIBULLA GUAJIRA,BOGOTA D.C.,DIBULLA GUAJIRA,0,1,2026-04-22 20:01:39
352,BOGOTA D.C. - ACHI,BOGOTA D.C.,ACHI,0,1,2026-04-22 20:01:39
353,TUNJA - COPER,TUNJA,COPER,0,1,2026-04-22 20:01:39
354,TUNJA - SAN - DE GACENO,TUNJA,SAN - DE GACENO,0,1,2026-04-22 20:01:39
355,"MEDELLIN - ALEJANDRIA , MEDELLIN - SAN RAFAEL , MEDELLIN - PENOL",MEDELLIN,ALEJANDRIA,1,3,2026-04-22 20:01:39
356,VALLEDUPAR - EL COPEY,VALLEDUPAR,EL COPEY,0,1,2026-04-22 20:01:39
357,BOGOTA D.C. - LA - DE IBIRICO,BOGOTA D.C.,LA - DE IBIRICO,0,1,2026-04-22 20:01:39
358,BOGOTA D.C. - SOGAMOSO,BOGOTA D.C.,SOGAMOSO,0,1,2026-04-22 20:01:39
359,SANTA MARTA - GUAMAL,SANTA MARTA,GUAMAL,0,1,2026-04-22 20:01:39
360,POPAYAN - CALDONO,POPAYAN,CALDONO,0,1,2026-04-22 20:01:39
361,MONTERIA - SAN - V.,MONTERIA,SAN - V.,0,1,2026-04-22 20:01:39
362,BOGOTA D.C. - QUIMBAYA,BOGOTA D.C.,QUIMBAYA,0,1,2026-04-22 20:01:39
363,VILLAVICENCIO - PUERTO GAITAN,VILLAVICENCIO,PUERTO GAITAN,0,1,2026-04-22 20:01:39
364,MEDELLIN - SEGOVIA,MEDELLIN,SEGOVIA,0,1,2026-04-22 20:01:39
365,PASTO - LA UNION,PASTO,LA UNION,0,1,2026-04-22 20:01:39
366,BOGOTA D.C. - OVEJAS,BOGOTA D.C.,OVEJAS,0,1,2026-04-22 20:01:39
367,POPAYAN - INZA,POPAYAN,INZA,0,1,2026-04-22 20:01:39
368,BOGOTA D.C. - BELMIRA,BOGOTA D.C.,BELMIRA,0,1,2026-04-22 20:01:39
369,BOGOTA D.C. - MOCOA,BOGOTA D.C.,MOCOA,0,1,2026-04-22 20:01:39
370,BOGOTA D.C. - NEIVA,BOGOTA D.C.,NEIVA,0,1,2026-04-22 20:01:39
371,BOGOTA D.C. - PUERTO TEJADA,BOGOTA D.C.,PUERTO TEJADA,0,1,2026-04-22 20:01:39
372,BOGOTA D.C. - GACHALA,BOGOTA D.C.,GACHALA,0,1,2026-04-22 20:01:39
373,"TUNJA - TINJACA , TUNJA - NUEVO COLON , TUNJA - TIBANA",TUNJA,TINJACA,1,3,2026-04-22 20:01:39
374,"RIOHACHA - MANAURE , MANAURE - MAICAO",RIOHACHA,MANAURE,1,2,2026-04-22 20:01:39
375,"CUCUTA - SILOS , CUCUTA - ABREGO",CUCUTA,SILOS,1,2,2026-04-22 20:01:39
376,"BUCARAMANGA - BARRANCABERMEJA , BUCARAMANGA - BARRANCABERMEJA",BUCARAMANGA,BARRANCABERMEJA,1,2,2026-04-22 20:01:39
377,RIOHACHA - ALBANIA (GUAJIRA),RIOHACHA,ALBANIA (GUAJIRA),0,1,2026-04-22 20:01:39
378,BOGOTA D.C. - CERETE,BOGOTA D.C.,CERETE,0,1,2026-04-22 20:01:39
379,SAN - DEL GUAVIAR - MIRAFLORES,SAN,DEL GUAVIAR - MIRAFLORES,0,1,2026-04-22 20:01:39
380,BOGOTA D.C. - CAJAMARCA,BOGOTA D.C.,CAJAMARCA,0,1,2026-04-22 20:01:39
381,"RIOHACHA - DIBULLA GUAJIRA , RIOHACHA - DIBULLA GUAJIRA",RIOHACHA,DIBULLA GUAJIRA,1,2,2026-04-22 20:01:39
382,SINCELEJO - MAJAGUAL,SINCELEJO,MAJAGUAL,0,1,2026-04-22 20:01:39
383,TUNJA - SATIVASUR,TUNJA,SATIVASUR,0,1,2026-04-22 20:01:39
384,BOGOTA D.C. - ACACIAS,BOGOTA D.C.,ACACIAS,0,1,2026-04-22 20:01:39
385,PASTO - ARBOLEDA,PASTO,ARBOLEDA,0,1,2026-04-22 20:01:39
386,BOGOTA D.C. - SAN GIL,BOGOTA D.C.,SAN GIL,0,1,2026-04-22 20:01:39
387,MONTERIA - BUENAVISTA,MONTERIA,BUENAVISTA,0,1,2026-04-22 20:01:39
388,BOGOTA D.C. - SANTA - DE OSOS,BOGOTA D.C.,SANTA - DE OSOS,0,1,2026-04-22 20:01:39
389,"PEREIRA - BELEN - UMBRIA , PEREIRA - QUINCHIA",PEREIRA,BELEN - UMBRIA,1,2,2026-04-22 20:01:39
390,BOGOTA D.C. - ARACATACA,BOGOTA D.C.,ARACATACA,0,1,2026-04-22 20:01:39
391,MONTERIA - PLANETA RICA,MONTERIA,PLANETA RICA,0,1,2026-04-22 20:01:39
392,QUIBDO - ITSMINA,QUIBDO,ITSMINA,0,1,2026-04-22 20:01:39
393,BOGOTA D.C. - FACATATIVA,BOGOTA D.C.,FACATATIVA,0,1,2026-04-22 20:01:39
394,BOGOTA D.C. - MONIQUIRA,BOGOTA D.C.,MONIQUIRA,0,1,2026-04-22 20:01:39
395,MONTERIA - TIERRALTA,MONTERIA,TIERRALTA,0,1,2026-04-22 20:01:39
396,"VALLEDUPAR - EL COPEY , EL COPEY - LA - DE IBIRICO , LA - DE IBIRICO - CHIMICHAGUA",VALLEDUPAR,EL COPEY,1,3,2026-04-22 20:01:39
397,FLORENCIA - ALBANIA,FLORENCIA,ALBANIA,0,1,2026-04-22 20:01:39
398,"BOGOTA D.C. - NEIVA , BOGOTA D.C. - TUNJA",BOGOTA D.C.,NEIVA,1,2,2026-04-22 20:01:39
399,"BOGOTA D.C. - GARAGOA , BOGOTA D.C. - RAMIRIQUI",BOGOTA D.C.,GARAGOA,1,2,2026-04-22 20:01:39
400,CARTAGENA - TURBANA,CARTAGENA,TURBANA,0,1,2026-04-22 20:01:39
401,BOGOTA D.C. - SARAVENA,BOGOTA D.C.,SARAVENA,0,1,2026-04-22 20:01:39
402,BOGOTA D.C. - NUEVA - (MAGDALENA),BOGOTA D.C.,NUEVA - (MAGDALENA),0,1,2026-04-22 20:01:39
403,MONTERIA - VALENCIA,MONTERIA,VALENCIA,0,1,2026-04-22 20:01:39
404,BOGOTA D.C. - FUSAGASUGA,BOGOTA D.C.,FUSAGASUGA,0,1,2026-04-22 20:01:39
405,BOGOTA D.C. - UBATE,BOGOTA D.C.,UBATE,0,1,2026-04-22 20:01:39
406,MANIZALES - LA DORADA,MANIZALES,LA DORADA,0,1,2026-04-22 20:01:39
407,IBAGUE - ATACO,IBAGUE,ATACO,0,1,2026-04-22 20:01:39
408,POPAYAN - TORIBIO,POPAYAN,TORIBIO,0,1,2026-04-22 20:01:39
409,BOGOTA D.C. - ZIPAQUIRA,BOGOTA D.C.,ZIPAQUIRA,0,1,2026-04-22 20:01:39
410,SINCELEJO - SINCE,SINCELEJO,SINCE,0,1,2026-04-22 20:01:39
411,TUNJA - SIACHOQUE,TUNJA,SIACHOQUE,0,1,2026-04-22 20:01:39
412,"PASTO - PUERRES , PASTO - ILES",PASTO,PUERRES,1,2,2026-04-22 20:01:39
413,BOGOTA D.C. - SAN MARTIN,BOGOTA D.C.,SAN MARTIN,0,1,2026-04-22 20:01:39
414,"NEIVA - PALERMO , NEIVA - PALERMO",NEIVA,PALERMO,1,2,2026-04-22 20:01:39
415,VILLAVICENCIO - CABUYARO,VILLAVICENCIO,CABUYARO,0,1,2026-04-22 20:01:39
416,"MONTERIA - CANALETE , MONTERIA - PLANETA RICA",MONTERIA,CANALETE,1,2,2026-04-22 20:01:39
417,"ARMENIA - LA TEBAIDA , ARMENIA - LA TEBAIDA",ARMENIA,LA TEBAIDA,1,2,2026-04-22 20:01:39
418,"MEDELLIN - NECOCLI , MEDELLIN - SAN - URABA",MEDELLIN,NECOCLI,1,2,2026-04-22 20:01:39
419,MEDELLIN - BELLO,MEDELLIN,BELLO,0,1,2026-04-22 20:01:39
420,"ARMENIA - CALARCA , ARMENIA - CALARCA",ARMENIA,CALARCA,1,2,2026-04-22 20:01:39
421,BOGOTA D.C. - SAN - V.,BOGOTA D.C.,SAN - V.,0,1,2026-04-22 20:01:39
422,"ARMENIA - IBAGUE , ARMENIA - IBAGUE",ARMENIA,IBAGUE,1,2,2026-04-22 20:01:39
423,MOCOA - SOLANO,MOCOA,SOLANO,0,1,2026-04-22 20:01:39
424,"MONTERIA - LORICA , MONTERIA - CIENAGA - ORO",MONTERIA,LORICA,1,2,2026-04-22 20:01:39
425,VILLAVICENCIO - MAPIRIPAN,VILLAVICENCIO,MAPIRIPAN,0,1,2026-04-22 20:01:39
426,MEDELLIN - EL BAGRE,MEDELLIN,EL BAGRE,0,1,2026-04-22 20:01:39
427,SANTA MARTA - ZONA - - MAGDALENA,SANTA MARTA,ZONA - - MAGDALENA,0,1,2026-04-22 20:01:39
428,BOGOTA D.C. - VETAS,BOGOTA D.C.,VETAS,0,1,2026-04-22 20:01:39
429,MOCOA - MORELIA,MOCOA,MORELIA,0,1,2026-04-22 20:01:39
430,NEIVA - GIGANTE,NEIVA,GIGANTE,0,1,2026-04-22 20:01:39
431,"CARTAGENA - TURBACO , CARTAGENA - TURBACO",CARTAGENA,TURBACO,1,2,2026-04-22 20:01:39
432,BOGOTA D.C. - TOCANCIPA,BOGOTA D.C.,TOCANCIPA,0,1,2026-04-22 20:01:39
433,POPAYAN - GUAPI,POPAYAN,GUAPI,0,1,2026-04-22 20:01:39
434,"PASTO - ALBAN , PASTO - ARBOLEDA",PASTO,ALBAN,1,2,2026-04-22 20:01:39
435,SANTA MARTA - SAN SEBASTIAN,SANTA MARTA,SAN SEBASTIAN,0,1,2026-04-22 20:01:39
436,MANIZALES - SAMANA,MANIZALES,SAMANA,0,1,2026-04-22 20:01:39
437,MANIZALES - RIOSUCIO,MANIZALES,RIOSUCIO,0,1,2026-04-22 20:01:39
438,NEIVA - LA PLATA,NEIVA,LA PLATA,0,1,2026-04-22 20:01:39
439,"BOGOTA D.C. - TIERRALTA , BOGOTA D.C. - PUERTO RICO",BOGOTA D.C.,TIERRALTA,1,2,2026-04-22 20:01:39
440,BOGOTA D.C. - SAN ONOFRE,BOGOTA D.C.,SAN ONOFRE,0,1,2026-04-22 20:01:39
441,"MANIZALES - PEREIRA , PEREIRA - ARMENIA",MANIZALES,PEREIRA,1,2,2026-04-22 20:01:39
442,VILLAVICENCIO - SAN - DE G,VILLAVICENCIO,SAN - DE G,0,1,2026-04-22 20:01:39
443,BOGOTA D.C. - DUITAMA,BOGOTA D.C.,DUITAMA,0,1,2026-04-22 20:01:39
444,"TUNJA - CORRALES , TUNJA - TOPAGA , TUNJA - DUITAMA",TUNJA,CORRALES,1,3,2026-04-22 20:01:39
445,BOGOTA D.C. - PUERTO CARRENO,BOGOTA D.C.,PUERTO CARRENO,0,1,2026-04-22 20:01:39
446,BOGOTA D.C. - SAN JACINTO,BOGOTA D.C.,SAN JACINTO,0,1,2026-04-22 20:01:39
447,BOGOTA D.C. - MANAURE,BOGOTA D.C.,MANAURE,0,1,2026-04-22 20:01:39
448,BOGOTA D.C. - YUMBO,BOGOTA D.C.,YUMBO,0,1,2026-04-22 20:01:39
449,TUNJA - MONIQUIRA,TUNJA,MONIQUIRA,0,1,2026-04-22 20:01:39
450,"TUNJA - MONIQUIRA , TUNJA - NOBSA (BOYACA)",TUNJA,MONIQUIRA,1,2,2026-04-22 20:01:39
451,BOGOTA D.C. - IPIALES,BOGOTA D.C.,IPIALES,0,1,2026-04-22 20:01:39
452,"MOCOA - SIBUNDOY , MOCOA - VALLE GUAMUEZ (LA HORMIGA)",MOCOA,SIBUNDOY,1,2,2026-04-22 20:01:39
453,POPAYAN - TIMBIO,POPAYAN,TIMBIO,0,1,2026-04-22 20:01:39
454,"BOGOTA D.C. - PUERTO TRIUNFO , PUERTO TRIUNFO - LA DORADA , LA DORADA - GUADUAS",BOGOTA D.C.,PUERTO TRIUNFO,1,3,2026-04-22 20:01:39
455,BOGOTA D.C. - CUMARAL,BOGOTA D.C.,CUMARAL,0,1,2026-04-22 20:01:39
456,"TINJACA - GAMEZA , TUNJA - PESCA",TINJACA,GAMEZA,1,2,2026-04-22 20:01:39
457,"BUCARAMANGA - PINCHOTE , BUCARAMANGA - PUERTO WILCHES",BUCARAMANGA,PINCHOTE,1,2,2026-04-22 20:01:39
458,NEIVA - VILLAVIEJA,NEIVA,VILLAVIEJA,0,1,2026-04-22 20:01:39
459,MONTERIA - CERETE,MONTERIA,CERETE,0,1,2026-04-22 20:01:39
460,"SINCELEJO - SAN ONOFRE , SINCELEJO - TOLU",SINCELEJO,SAN ONOFRE,1,2,2026-04-22 20:01:39
461,PASTO - ANCUYA,PASTO,ANCUYA,0,1,2026-04-22 20:01:39
462,CARTAGENA - CARTAGENA,CARTAGENA,CARTAGENA,0,1,2026-04-22 20:01:39
463,CALI - RESTREPO,CALI,RESTREPO,0,1,2026-04-22 20:01:39
464,BUCARAMANGA - PIEDECUESTA,BUCARAMANGA,PIEDECUESTA,0,1,2026-04-22 20:01:39
465,BUCARAMANGA - CIMITARRA,BUCARAMANGA,CIMITARRA,0,1,2026-04-22 20:01:39
466,BOGOTA D.C. - SAN - DE GACENO,BOGOTA D.C.,SAN - DE GACENO,0,1,2026-04-22 20:01:39
467,CALI - ARGELIA,CALI,ARGELIA,0,1,2026-04-22 20:01:39
468,BOGOTA D.C. - PUEBLO BELLO,BOGOTA D.C.,PUEBLO BELLO,0,1,2026-04-22 20:01:39
469,BOGOTA D.C. - CIENAGA,BOGOTA D.C.,CIENAGA,0,1,2026-04-22 20:01:39
470,SAN - DEL GUAVIAR - SAN - DEL GUAVIAR,SAN,DEL GUAVIAR - SAN - DEL GUAVIAR,0,1,2026-04-22 20:01:39
471,POPAYAN - PUERTO TEJADA,POPAYAN,PUERTO TEJADA,0,1,2026-04-22 20:01:39
472,BOGOTA D.C. - COROZAL,BOGOTA D.C.,COROZAL,0,1,2026-04-22 20:01:39
473,BOGOTA D.C. - EL BANCO,BOGOTA D.C.,EL BANCO,0,1,2026-04-22 20:01:39
474,CALI - BOLIVAR,CALI,BOLIVAR,0,1,2026-04-22 20:01:39
475,MEDELLIN - SAN ANDRES,MEDELLIN,SAN ANDRES,0,1,2026-04-22 20:01:39
476,"BARRANQUILLA - PIOJO , BARRANQUILLA - LURUACO , BARRANQUILLA - PIOJO",BARRANQUILLA,PIOJO,1,3,2026-04-22 20:01:39
477,MEDELLIN - SAN - URABA,MEDELLIN,SAN - URABA,0,1,2026-04-22 20:01:39
478,CALI - YOTOCO,CALI,YOTOCO,0,1,2026-04-22 20:01:39
479,VALLEDUPAR - CHIRIGUANA,VALLEDUPAR,CHIRIGUANA,0,1,2026-04-22 20:01:39
480,MEDELLIN - FRONTINO,MEDELLIN,FRONTINO,0,1,2026-04-22 20:01:39
481,BOGOTA D.C. - MEDIO BAUDO,BOGOTA D.C.,MEDIO BAUDO,0,1,2026-04-22 20:01:39
482,BOGOTA D.C. - FOMEQUE,BOGOTA D.C.,FOMEQUE,0,1,2026-04-22 20:01:39
483,BOGOTA D.C. - PUERTO COLOMBIA,BOGOTA D.C.,PUERTO COLOMBIA,0,1,2026-04-22 20:01:39
484,CUCUTA - EL ZULIA,CUCUTA,EL ZULIA,0,1,2026-04-22 20:01:39
485,"BARRANQUILLA - SOLEDAD , BARRANQUILLA - PUERTO COLOMBIA",BARRANQUILLA,SOLEDAD,1,2,2026-04-22 20:01:39
486,"PEREIRA - SANTUARIO , PEREIRA - BELEN - UMBRIA",PEREIRA,SANTUARIO,1,2,2026-04-22 20:01:39
487,CALI - LA VICTORIA,CALI,LA VICTORIA,0,1,2026-04-22 20:01:39
488,"PEREIRA - PUEBLO RICO , PEREIRA - BELEN - UMBRIA",PEREIRA,PUEBLO RICO,1,2,2026-04-22 20:01:39
489,BOGOTA D.C. - GARAGOA,BOGOTA D.C.,GARAGOA,0,1,2026-04-22 20:01:39
490,VALLEDUPAR - EL PASO,VALLEDUPAR,EL PASO,0,1,2026-04-22 20:01:39
491,NEIVA - PITALITO,NEIVA,PITALITO,0,1,2026-04-22 20:01:39
492,"TUNJA - SUTAMARCHAN , TUNJA - SUTAMARCHAN",TUNJA,SUTAMARCHAN,1,2,2026-04-22 20:01:39
493,"CALI - PALMIRA , CALI - PALMIRA , CALI - PALMIRA , CALI - PALMIRA",CALI,PALMIRA,1,4,2026-04-22 20:01:39
494,"QUIBDO - LLORO , QUIBDO - CERTEGUI (CHOCO)",QUIBDO,LLORO,1,2,2026-04-22 20:01:39
495,"PASTO - CONSACA , PASTO - NARINO (RM) , PASTO - LA FLORIDA , PASTO - YACUANQUER , PASTO - YACUANQUER",PASTO,CONSACA,1,5,2026-04-22 20:01:39
496,MEDELLIN - TARSO,MEDELLIN,TARSO,0,1,2026-04-22 20:01:39
497,BOGOTA D.C. - URIBIA,BOGOTA D.C.,URIBIA,0,1,2026-04-22 20:01:39
498,TUNJA - GUICAN,TUNJA,GUICAN,0,1,2026-04-22 20:01:39
499,BARRANQUILLA - LURUACO,BARRANQUILLA,LURUACO,0,1,2026-04-22 20:01:39
500,SANTA MARTA - EL - - MAGDALENA,SANTA MARTA,EL - - MAGDALENA,0,1,2026-04-22 20:01:39
501,RIOHACHA - LA - DEL PILAR,RIOHACHA,LA - DEL PILAR,0,1,2026-04-22 20:01:39
502,BOGOTA D.C. - PUERTO BERRIO,BOGOTA D.C.,PUERTO BERRIO,0,1,2026-04-22 20:01:39
503,BOGOTA D.C. - PUERTO ESCONDIDO,BOGOTA D.C.,PUERTO ESCONDIDO,0,1,2026-04-22 20:01:39
504,TUNJA - BOAVITA,TUNJA,BOAVITA,0,1,2026-04-22 20:01:39
505,BOGOTA D.C. - AMBALEMA,BOGOTA D.C.,AMBALEMA,0,1,2026-04-22 20:01:39
506,POPAYAN - CAJIBIO,POPAYAN,CAJIBIO,0,1,2026-04-22 20:01:39
507,BOGOTA D.C. - MUTISCUA,BOGOTA D.C.,MUTISCUA,0,1,2026-04-22 20:01:39
508,MEDELLIN - BRICENO,MEDELLIN,BRICENO,0,1,2026-04-22 20:01:39
509,BOGOTA D.C. - APIA,BOGOTA D.C.,APIA,0,1,2026-04-22 20:01:39
510,SANTA MARTA - ARIGUANI,SANTA MARTA,ARIGUANI,0,1,2026-04-22 20:01:39
511,MEDELLIN - SAN JERONIMO,MEDELLIN,SAN JERONIMO,0,1,2026-04-22 20:01:39
512,"BARRANQUILLA - MALAMBO , BARRANQUILLA - BARANOA , BARRANQUILLA - SANTO TOMAS , BARRANQUILLA - SABANAGRANDE",BARRANQUILLA,MALAMBO,1,4,2026-04-22 20:01:39
513,BUCARAMANGA - EL PLAYON,BUCARAMANGA,EL PLAYON,0,1,2026-04-22 20:01:39
514,CALI - LA UNION,CALI,LA UNION,0,1,2026-04-22 20:01:39
515,PASTO - IMUES,PASTO,IMUES,0,1,2026-04-22 20:01:39
516,TUNJA - BRICEÑO,TUNJA,BRICEÑO,0,1,2026-04-22 20:01:39
517,MOCOA - VILLAGARZON,MOCOA,VILLAGARZON,0,1,2026-04-22 20:01:39
518,"VALLEDUPAR - LA - DE IBIRICO , VALLEDUPAR - LA - DE IBIRICO",VALLEDUPAR,LA - DE IBIRICO,1,2,2026-04-22 20:01:39
519,BUCARAMANGA - EL CARMEN,BUCARAMANGA,EL CARMEN,0,1,2026-04-22 20:01:39
520,NEIVA - PALERMO,NEIVA,PALERMO,0,1,2026-04-22 20:01:39
521,CARTAGENA - SAN - - BOLIVAR,CARTAGENA,SAN - - BOLIVAR,0,1,2026-04-22 20:01:39
522,VILLAVICENCIO - GRANADA,VILLAVICENCIO,GRANADA,0,1,2026-04-22 20:01:39
523,"MEDELLIN - AMALFI , MEDELLIN - TAMESIS",MEDELLIN,AMALFI,1,2,2026-04-22 20:01:39
524,"BUCARAMANGA - GIRON , BUCARAMANGA - EL PLAYON , BUCARAMANGA - LEBRIJA",BUCARAMANGA,GIRON,1,3,2026-04-22 20:01:39
525,SINCELEJO - PALMITO,SINCELEJO,PALMITO,0,1,2026-04-22 20:01:39
526,RIOHACHA - HATONUEVO,RIOHACHA,HATONUEVO,0,1,2026-04-22 20:01:39
527,"BOGOTA D.C. - VILLAVICENCIO , BOGOTA D.C. - FUSAGASUGA",BOGOTA D.C.,VILLAVICENCIO,1,2,2026-04-22 20:01:39
528,FLORENCIA - CURILLO,FLORENCIA,CURILLO,0,1,2026-04-22 20:01:39
529,INIRIDA - BARRANCO MINAS,INIRIDA,BARRANCO MINAS,0,1,2026-04-22 20:01:39
530,"BOGOTA D.C. - ZIPAQUIRA , BOGOTA D.C. - CAJICA , BOGOTA D.C. - MADRID , BOGOTA D.C. - MOSQUERA",BOGOTA D.C.,ZIPAQUIRA,1,4,2026-04-22 20:01:39
531,BOGOTA D.C. - SAN MARCOS,BOGOTA D.C.,SAN MARCOS,0,1,2026-04-22 20:01:39
532,"MEDELLIN - ARMENIA ANTIOQUIA , MEDELLIN - SABANALARGA",MEDELLIN,ARMENIA ANTIOQUIA,1,2,2026-04-22 20:01:39
533,"MEDELLIN - PUERTO NARE , MEDELLIN - SANTA - DE OSOS",MEDELLIN,PUERTO NARE,1,2,2026-04-22 20:01:39
534,"BARRANQUILLA - JUAN - ACOSTA , BARRANQUILLA - SABANALARGA",BARRANQUILLA,JUAN - ACOSTA,1,2,2026-04-22 20:01:39
535,MEDELLIN - GUATAPE,MEDELLIN,GUATAPE,0,1,2026-04-22 20:01:39
536,BOGOTA D.C. - MONTECRISTO,BOGOTA D.C.,MONTECRISTO,0,1,2026-04-22 20:01:39
537,"BOGOTA D.C. - POPAYAN , BOGOTA D.C. - RIOHACHA , BOGOTA D.C. - QUIBDO",BOGOTA D.C.,POPAYAN,1,3,2026-04-22 20:01:39
538,MEDELLIN - PENOL,MEDELLIN,PENOL,0,1,2026-04-22 20:01:39
539,CARTAGENA - MAHATES,CARTAGENA,MAHATES,0,1,2026-04-22 20:01:39
540,BOGOTA D.C. - TUMACO,BOGOTA D.C.,TUMACO,0,1,2026-04-22 20:01:39
541,MEDELLIN - SANTUARIO,MEDELLIN,SANTUARIO,0,1,2026-04-22 20:01:39
542,MEDELLIN - CARMEN - VIBORAL,MEDELLIN,CARMEN - VIBORAL,0,1,2026-04-22 20:01:39
543,MEDELLIN - LA UNION,MEDELLIN,LA UNION,0,1,2026-04-22 20:01:39
544,SANTA MARTA - SANTA ANA,SANTA MARTA,SANTA ANA,0,1,2026-04-22 20:01:39
545,SANTA MARTA - SALAMINA,SANTA MARTA,SALAMINA,0,1,2026-04-22 20:01:39
546,"BOGOTA D.C. - MEDELLIN , BOGOTA D.C. - RIOHACHA",BOGOTA D.C.,MEDELLIN,1,2,2026-04-22 20:01:39
547,"BOGOTA D.C. - MEDELLIN , BOGOTA D.C. - CARTAGENA",BOGOTA D.C.,MEDELLIN,1,2,2026-04-22 20:01:39
548,SANTA MARTA - SANTA - DE - (MAGDALENA),SANTA MARTA,SANTA - DE - (MAGDALENA),0,1,2026-04-22 20:01:39
549,BOGOTA D.C. - CALOTO,BOGOTA D.C.,CALOTO,0,1,2026-04-22 20:01:39
550,NEIVA - OPORAPA,NEIVA,OPORAPA,0,1,2026-04-22 20:01:39
551,"BOGOTA D.C. - COMBITA , COMBITA - RAMIRIQUI , BOGOTA D.C. - ESPINAL",BOGOTA D.C.,COMBITA,1,3,2026-04-22 20:01:39
552,CARTAGENA - HATILLO - LOBA,CARTAGENA,HATILLO - LOBA,0,1,2026-04-22 20:01:39
553,BOGOTA D.C. - BARBOSA,BOGOTA D.C.,BARBOSA,0,1,2026-04-22 20:01:39
554,VILLAVICENCIO - PUERTO LOPEZ,VILLAVICENCIO,PUERTO LOPEZ,0,1,2026-04-22 20:01:39
555,MEDELLIN - RIONEGRO,MEDELLIN,RIONEGRO,0,1,2026-04-22 20:01:39
556,POPAYAN - CALI,POPAYAN,CALI,0,1,2026-04-22 20:01:39
557,BOGOTA D.C. - COYAIMA,BOGOTA D.C.,COYAIMA,0,1,2026-04-22 20:01:39
558,MEDELLIN - ARBOLETES,MEDELLIN,ARBOLETES,0,1,2026-04-22 20:01:39
559,"MEDELLIN - SAN JERONIMO , MEDELLIN - SOPETRAN",MEDELLIN,SAN JERONIMO,1,2,2026-04-22 20:01:39
560,BOGOTA D.C. - DURANIA,BOGOTA D.C.,DURANIA,0,1,2026-04-22 20:01:39
561,BOGOTA D.C. - LA VIRGINIA,BOGOTA D.C.,LA VIRGINIA,0,1,2026-04-22 20:01:39
562,"BOGOTA D.C. - ACACIAS , BOGOTA D.C. - ESPINAL",BOGOTA D.C.,ACACIAS,1,2,2026-04-22 20:01:39
563,TUNJA - PAZ - RIO,TUNJA,PAZ - RIO,0,1,2026-04-22 20:01:39
564,"BOGOTA D.C. - GACHALA , BOGOTA D.C. - FOMEQUE",BOGOTA D.C.,GACHALA,1,2,2026-04-22 20:01:39
565,BUCARAMANGA - SOCORRO,BUCARAMANGA,SOCORRO,0,1,2026-04-22 20:01:39
566,CARTAGENA - MARIA - BAJA,CARTAGENA,MARIA - BAJA,0,1,2026-04-22 20:01:39
567,BOGOTA D.C. - EL COPEY,BOGOTA D.C.,EL COPEY,0,1,2026-04-22 20:01:39
568,FLORENCIA - SAN - CAGUAN,FLORENCIA,SAN - CAGUAN,0,1,2026-04-22 20:01:39
569,BOGOTA D.C. - SAN JOSE,BOGOTA D.C.,SAN JOSE,0,1,2026-04-22 20:01:39
570,BOGOTA D.C. - CAUCASIA,BOGOTA D.C.,CAUCASIA,0,1,2026-04-22 20:01:39
571,"BOGOTA D.C. - POPAYAN , BOGOTA D.C. - MONTERIA",BOGOTA D.C.,POPAYAN,1,2,2026-04-22 20:01:39
572,PASTO - CONSACA,PASTO,CONSACA,0,1,2026-04-22 20:01:39
573,MONTERIA - SAN CARLOS,MONTERIA,SAN CARLOS,0,1,2026-04-22 20:01:39
574,BOGOTA D.C. - CHIA,BOGOTA D.C.,CHIA,0,1,2026-04-22 20:01:39
575,BOGOTA D.C. - LA CALERA,BOGOTA D.C.,LA CALERA,0,1,2026-04-22 20:01:39
576,"BOGOTA D.C. - YUMBO , BOGOTA D.C. - BARRANQUILLA",BOGOTA D.C.,YUMBO,1,2,2026-04-22 20:01:39
577,BUCARAMANGA - CERRITO,BUCARAMANGA,CERRITO,0,1,2026-04-22 20:01:39
578,BUCARAMANGA - SAN BENITO,BUCARAMANGA,SAN BENITO,0,1,2026-04-22 20:01:39
579,BUCARAMANGA - EL PENON,BUCARAMANGA,EL PENON,0,1,2026-04-22 20:01:39
580,POPAYAN - MORALES,POPAYAN,MORALES,0,1,2026-04-22 20:01:39
581,MONTERIA - LOS CORDOBAS,MONTERIA,LOS CORDOBAS,0,1,2026-04-22 20:01:39
582,IBAGUE - VILLA HERMOSA,IBAGUE,VILLA HERMOSA,0,1,2026-04-22 20:01:39
583,BUCARAMANGA - SIMACOTA,BUCARAMANGA,SIMACOTA,0,1,2026-04-22 20:01:39
584,CALI - EL CAIRO,CALI,EL CAIRO,0,1,2026-04-22 20:01:39
585,TUNJA - CHIVATA,TUNJA,CHIVATA,0,1,2026-04-22 20:01:39
586,BOGOTA D.C. - VILLETA,BOGOTA D.C.,VILLETA,0,1,2026-04-22 20:01:39
587,"BOGOTA D.C. - CALI , BOGOTA D.C. - PASTO",BOGOTA D.C.,CALI,1,2,2026-04-22 20:01:39
588,BOGOTA D.C. - CHINU,BOGOTA D.C.,CHINU,0,1,2026-04-22 20:01:39
589,BUCARAMANGA - BARBOSA,BUCARAMANGA,BARBOSA,0,1,2026-04-22 20:01:39
590,BOGOTA D.C. - ANGOSTURA,BOGOTA D.C.,ANGOSTURA,0,1,2026-04-22 20:01:39
591,FLORENCIA - SOLANO,FLORENCIA,SOLANO,0,1,2026-04-22 20:01:39
592,IBAGUE - FRESNO,IBAGUE,FRESNO,0,1,2026-04-22 20:01:39
593,NEIVA - PAICOL,NEIVA,PAICOL,0,1,2026-04-22 20:01:39
594,BOGOTA D.C. - FREDONIA,BOGOTA D.C.,FREDONIA,0,1,2026-04-22 20:01:39
595,POPAYAN - TIMBIQUI,POPAYAN,TIMBIQUI,0,1,2026-04-22 20:01:39
596,IBAGUE - MELGAR,IBAGUE,MELGAR,0,1,2026-04-22 20:01:39
597,SANTA MARTA - SITIONUEVO,SANTA MARTA,SITIONUEVO,0,1,2026-04-22 20:01:39
598,BOGOTA D.C. - LA MACARENA,BOGOTA D.C.,LA MACARENA,0,1,2026-04-22 20:01:39
599,SANTA MARTA - PIVIJAY,SANTA MARTA,PIVIJAY,0,1,2026-04-22 20:01:39
600,BOGOTA D.C. - HATONUEVO,BOGOTA D.C.,HATONUEVO,0,1,2026-04-22 20:01:39
601,BOGOTA D.C. - MITU,BOGOTA D.C.,MITU,0,1,2026-04-22 20:01:39
602,CARTAGENA - RIO VIEJO,CARTAGENA,RIO VIEJO,0,1,2026-04-22 20:01:39
603,BUCARAMANGA - AGUADA,BUCARAMANGA,AGUADA,0,1,2026-04-22 20:01:39
604,BUCARAMANGA - BOGOTA D.C.,BUCARAMANGA,BOGOTA D.C.,0,1,2026-04-22 20:01:39
605,BOGOTA D.C. - AIPE,BOGOTA D.C.,AIPE,0,1,2026-04-22 20:01:39
606,BOGOTA D.C. - DAGUA,BOGOTA D.C.,DAGUA,0,1,2026-04-22 20:01:39
607,BOGOTA D.C. - CHOCONTA,BOGOTA D.C.,CHOCONTA,0,1,2026-04-22 20:01:39
608,CALI - BUGA,CALI,BUGA,0,1,2026-04-22 20:01:39
609,BOGOTA D.C. - GALAPA,BOGOTA D.C.,GALAPA,0,1,2026-04-22 20:01:39
610,BARRANQUILLA - PIOJO,BARRANQUILLA,PIOJO,0,1,2026-04-22 20:01:39
611,BUCARAMANGA - HATO,BUCARAMANGA,HATO,0,1,2026-04-22 20:01:39
612,BOGOTA D.C. - LA FLORIDA,BOGOTA D.C.,LA FLORIDA,0,1,2026-04-22 20:01:39
613,TUNJA - NUEVO COLON,TUNJA,NUEVO COLON,0,1,2026-04-22 20:01:39
614,"VALLEDUPAR - CURUMANI , VALLEDUPAR - TAMALAMEQUE",VALLEDUPAR,CURUMANI,1,2,2026-04-22 20:01:39
615,IBAGUE - SAN LUIS,IBAGUE,SAN LUIS,0,1,2026-04-22 20:01:39
616,TUNJA - RONDON,TUNJA,RONDON,0,1,2026-04-22 20:01:39
617,BOGOTA D.C. - OCAÑA,BOGOTA D.C.,OCAÑA,0,1,2026-04-22 20:01:39
618,MONTERIA - SAN ANTERO,MONTERIA,SAN ANTERO,0,1,2026-04-22 20:01:39
619,BOGOTA D.C. - ITUANGO,BOGOTA D.C.,ITUANGO,0,1,2026-04-22 20:01:39
620,BOGOTA D.C. - JUNIN,BOGOTA D.C.,JUNIN,0,1,2026-04-22 20:01:39
621,BOGOTA D.C. - CONCEPCION,BOGOTA D.C.,CONCEPCION,0,1,2026-04-22 20:01:39
622,MONTERIA - TUCHIN,MONTERIA,TUCHIN,0,1,2026-04-22 20:01:39
623,CARTAGENA - TALAIGUA NUEVO,CARTAGENA,TALAIGUA NUEVO,0,1,2026-04-22 20:01:39
624,MOCOA - PUERTO ASIS,MOCOA,PUERTO ASIS,0,1,2026-04-22 20:01:39
625,BOGOTA D.C. - TRUJILLO,BOGOTA D.C.,TRUJILLO,0,1,2026-04-22 20:01:39
626,BOGOTA D.C. - PLATO,BOGOTA D.C.,PLATO,0,1,2026-04-22 20:01:39
627,MONTERIA - MOMIL,MONTERIA,MOMIL,0,1,2026-04-22 20:01:39
628,BOGOTA D.C. - SAN JUAN DEL CESAR - GUAJIRA,BOGOTA D.C.,SAN JUAN DEL CESAR - GUAJIRA,0,1,2026-04-22 20:01:39
629,BOGOTA D.C. - PUERTO WILCHES,BOGOTA D.C.,PUERTO WILCHES,0,1,2026-04-22 20:01:39
630,"BOGOTA D.C. - PROVIDENCIA , BOGOTA D.C. - BUENAVENTURA",BOGOTA D.C.,PROVIDENCIA,1,2,2026-04-22 20:01:39
631,PEREIRA - GUATICA,PEREIRA,GUATICA,0,1,2026-04-22 20:01:39
632,BOGOTA D.C. - TOLEDO,BOGOTA D.C.,TOLEDO,0,1,2026-04-22 20:01:39
633,ARAUCA - SARAVENA,ARAUCA,SARAVENA,0,1,2026-04-22 20:01:39
634,TUNJA - SOCOTA,TUNJA,SOCOTA,0,1,2026-04-22 20:01:39
635,BOGOTA D.C. - CANDELARIA,BOGOTA D.C.,CANDELARIA,0,1,2026-04-22 20:01:39
636,"BOGOTA D.C. - CUCUTA , BOGOTA D.C. - MONTERIA",BOGOTA D.C.,CUCUTA,1,2,2026-04-22 20:01:39
637,"BOGOTA D.C. - YOPAL , BOGOTA D.C. - ARMENIA , BOGOTA D.C. - INIRIDA , BOGOTA D.C. - SAN - DEL GUAVIAR",BOGOTA D.C.,YOPAL,1,4,2026-04-22 20:01:39
638,IBAGUE - LIBANO,IBAGUE,LIBANO,0,1,2026-04-22 20:01:39
639,MEDELLIN - ANGELOPOLIS,MEDELLIN,ANGELOPOLIS,0,1,2026-04-22 20:01:39
640,CALI - PALMIRA,CALI,PALMIRA,0,1,2026-04-22 20:01:39
641,BOGOTA D.C. - SALAMINA,BOGOTA D.C.,SALAMINA,0,1,2026-04-22 20:01:39
642,TUNJA - BUSBANZA,TUNJA,BUSBANZA,0,1,2026-04-22 20:01:39
643,CARTAGENA - VILLANUEVA,CARTAGENA,VILLANUEVA,0,1,2026-04-22 20:01:39
644,BOGOTA D.C. - BECERRIL,BOGOTA D.C.,BECERRIL,0,1,2026-04-22 20:01:39
645,FLORENCIA - BOGOTA D.C.,FLORENCIA,BOGOTA D.C.,0,1,2026-04-22 20:01:39
646,BOGOTA D.C. - BUENAVENTURA,BOGOTA D.C.,BUENAVENTURA,0,1,2026-04-22 20:01:39
647,"BOGOTA D.C. - LETICIA , BOGOTA D.C. - NUQUI",BOGOTA D.C.,LETICIA,1,2,2026-04-22 20:01:39
648,RIOHACHA - BOGOTA D.C.,RIOHACHA,BOGOTA D.C.,0,1,2026-04-22 20:01:39
649,NEIVA - TARQUI,NEIVA,TARQUI,0,1,2026-04-22 20:01:39
650,ARAUCA - ARAUQUITA,ARAUCA,ARAUQUITA,0,1,2026-04-22 20:01:39
651,BOGOTA D.C. - PONEDERA,BOGOTA D.C.,PONEDERA,0,1,2026-04-22 20:01:39
652,BOGOTA D.C. - SABANAGRANDE,BOGOTA D.C.,SABANAGRANDE,0,1,2026-04-22 20:01:39
653,BUCARAMANGA - LOS SANTOS,BUCARAMANGA,LOS SANTOS,0,1,2026-04-22 20:01:39
654,CUCUTA - CHINACOTA,CUCUTA,CHINACOTA,0,1,2026-04-22 20:01:39
655,BOGOTA D.C. - LA DORADA,BOGOTA D.C.,LA DORADA,0,1,2026-04-22 20:01:39
656,BOGOTA D.C. - MONTENEGRO,BOGOTA D.C.,MONTENEGRO,0,1,2026-04-22 20:01:39
657,"BOGOTA D.C. - YOPAL , BOGOTA D.C. - CUCUTA , BOGOTA D.C. - SAN ANDRES",BOGOTA D.C.,YOPAL,1,3,2026-04-22 20:01:39
658,BOGOTA D.C. - LOS PALMITOS,BOGOTA D.C.,LOS PALMITOS,0,1,2026-04-22 20:01:39
659,BOGOTA D.C. - NOBSA (BOYACA),BOGOTA D.C.,NOBSA (BOYACA),0,1,2026-04-22 20:01:39
660,TUNJA - TENZA,TUNJA,TENZA,0,1,2026-04-22 20:01:39
661,QUIBDO - BAHIA SOLANO,QUIBDO,BAHIA SOLANO,0,1,2026-04-22 20:01:39
662,IBAGUE - GUAMO,IBAGUE,GUAMO,0,1,2026-04-22 20:01:39
663,FLORENCIA - CARTAGENA - CHAIRA,FLORENCIA,CARTAGENA - CHAIRA,0,1,2026-04-22 20:01:39
664,"BOGOTA D.C. - RIOHACHA , BOGOTA D.C. - MANIZALES , BOGOTA D.C. - PEREIRA",BOGOTA D.C.,RIOHACHA,1,3,2026-04-22 20:01:39
665,CALI - TORO,CALI,TORO,0,1,2026-04-22 20:01:39
666,IBAGUE - ORTEGA,IBAGUE,ORTEGA,0,1,2026-04-22 20:01:39
667,PASTO - LOS ANDES,PASTO,LOS ANDES,0,1,2026-04-22 20:01:39
668,QUIBDO - LLORO,QUIBDO,LLORO,0,1,2026-04-22 20:01:39
669,"BOGOTA D.C. - LA CALERA , BOGOTA D.C. - SIBATE",BOGOTA D.C.,LA CALERA,1,2,2026-04-22 20:01:39
670,"BOGOTA D.C. - INIRIDA , BOGOTA D.C. - SAN - DEL GUAVIAR",BOGOTA D.C.,INIRIDA,1,2,2026-04-22 20:01:39
671,MEDELLIN - BOGOTA D.C.,MEDELLIN,BOGOTA D.C.,0,1,2026-04-22 20:01:39
672,BOGOTA D.C. - RECETOR,BOGOTA D.C.,RECETOR,0,1,2026-04-22 20:01:39
673,QUIBDO - TADO,QUIBDO,TADO,0,1,2026-04-22 20:01:39
674,"BOGOTA D.C. - BUCARAMANGA , BOGOTA D.C. - BUCARAMANGA",BOGOTA D.C.,BUCARAMANGA,1,2,2026-04-22 20:01:39
675,BOGOTA D.C. - OROCUE,BOGOTA D.C.,OROCUE,0,1,2026-04-22 20:01:39
676,CARTAGENA - SAN JACINTO,CARTAGENA,SAN JACINTO,0,1,2026-04-22 20:01:39
677,BOGOTA D.C. - TURBO,BOGOTA D.C.,TURBO,0,1,2026-04-22 20:01:39
678,"BOGOTA D.C. - RIOHACHA , BOGOTA D.C. - QUIBDO",BOGOTA D.C.,RIOHACHA,1,2,2026-04-22 20:01:39
679,TUNJA - PAIPA,TUNJA,PAIPA,0,1,2026-04-22 20:01:39
680,IBAGUE - ALVARADO,IBAGUE,ALVARADO,0,1,2026-04-22 20:01:39
681,TUNJA - CORRALES,TUNJA,CORRALES,0,1,2026-04-22 20:01:39
682,MEDELLIN - TARAZA,MEDELLIN,TARAZA,0,1,2026-04-22 20:01:39
683,BOGOTA D.C. - ALBAN,BOGOTA D.C.,ALBAN,0,1,2026-04-22 20:01:39
684,MANIZALES - CHINCHINA,MANIZALES,CHINCHINA,0,1,2026-04-22 20:01:39
685,MONTERIA - SAN - D SOTAVEN,MONTERIA,SAN - D SOTAVEN,0,1,2026-04-22 20:01:39
686,MEDELLIN - TOLEDO,MEDELLIN,TOLEDO,0,1,2026-04-22 20:01:39
687,BOGOTA D.C. - SIMACOTA,BOGOTA D.C.,SIMACOTA,0,1,2026-04-22 20:01:39
688,TUNJA - CHITARAQUE,TUNJA,CHITARAQUE,0,1,2026-04-22 20:01:39
689,CARTAGENA - MUNICIPIO - CLEMENCIA,CARTAGENA,MUNICIPIO - CLEMENCIA,0,1,2026-04-22 20:01:39
690,RIOHACHA - RIOHACHA,RIOHACHA,RIOHACHA,0,1,2026-04-22 20:01:39
691,MEDELLIN - DABEIBA,MEDELLIN,DABEIBA,0,1,2026-04-22 20:01:39
692,POPAYAN - BOGOTA D.C.,POPAYAN,BOGOTA D.C.,0,1,2026-04-22 20:01:39
693,IBAGUE - BOGOTA D.C.,IBAGUE,BOGOTA D.C.,0,1,2026-04-22 20:01:39
694,PUERTO CARRENO - BOGOTA D.C.,PUERTO CARRENO,BOGOTA D.C.,0,1,2026-04-22 20:01:39
695,PASTO - BOGOTA D.C.,PASTO,BOGOTA D.C.,0,1,2026-04-22 20:01:39
696,TUNJA - BOGOTA D.C.,TUNJA,BOGOTA D.C.,0,1,2026-04-22 20:01:39
697,NEIVA - BOGOTA D.C.,NEIVA,BOGOTA D.C.,0,1,2026-04-22 20:01:39
698,MEDELLIN - CACERES,MEDELLIN,CACERES,0,1,2026-04-22 20:01:39
699,QUIBDO - BOGOTA D.C.,QUIBDO,BOGOTA D.C.,0,1,2026-04-22 20:01:39
700,MANIZALES - BOGOTA D.C.,MANIZALES,BOGOTA D.C.,0,1,2026-04-22 20:01:39
701,VALLEDUPAR - BOGOTA D.C.,VALLEDUPAR,BOGOTA D.C.,0,1,2026-04-22 20:01:39
702,ARMENIA - BOGOTA D.C.,ARMENIA,BOGOTA D.C.,0,1,2026-04-22 20:01:39
703,CUCUTA - BOGOTA D.C.,CUCUTA,BOGOTA D.C.,0,1,2026-04-22 20:01:39
704,"MEDELLIN - BURITICA , MEDELLIN - BURITICA",MEDELLIN,BURITICA,1,2,2026-04-22 20:01:39
705,IBAGUE - RIOBLANCO,IBAGUE,RIOBLANCO,0,1,2026-04-22 20:01:39
706,CARTAGENA - SAN ESTANISLAO,CARTAGENA,SAN ESTANISLAO,0,1,2026-04-22 20:01:39
707,NEIVA - LA ARGENTINA,NEIVA,LA ARGENTINA,0,1,2026-04-22 20:01:39
708,NEIVA - TERUEL,NEIVA,TERUEL,0,1,2026-04-22 20:01:39
709,BOGOTA D.C. - ANSERMANUEVO,BOGOTA D.C.,ANSERMANUEVO,0,1,2026-04-22 20:01:39
710,MEDELLIN - LA PINTADA,MEDELLIN,LA PINTADA,0,1,2026-04-22 20:01:39
711,MEDELLIN - SAN PEDRO,MEDELLIN,SAN PEDRO,0,1,2026-04-22 20:01:39
712,BOGOTA D.C. - TARAZA,BOGOTA D.C.,TARAZA,0,1,2026-04-22 20:01:39
713,"BOGOTA D.C. - CALI , CALI - POPAYAN",BOGOTA D.C.,CALI,1,2,2026-04-22 20:01:39
714,BOGOTA D.C. - ABEJORRAL,BOGOTA D.C.,ABEJORRAL,0,1,2026-04-22 20:01:39
715,BUCARAMANGA - SABANA - TORRES,BUCARAMANGA,SABANA - TORRES,0,1,2026-04-22 20:01:39
716,"RIOHACHA - HATONUEVO , RIOHACHA - MANAURE , RIOHACHA - MAICAO",RIOHACHA,HATONUEVO,1,3,2026-04-22 20:01:39
717,BOGOTA D.C. - MOGOTES,BOGOTA D.C.,MOGOTES,0,1,2026-04-22 20:01:39
718,BOGOTA D.C. - BOJAYA,BOGOTA D.C.,BOJAYA,0,1,2026-04-22 20:01:39
719,"BOGOTA D.C. - IBAGUE , IBAGUE - ESPINAL , ESPINAL - GIRARDOT , GIRARDOT - MELGAR",BOGOTA D.C.,IBAGUE,1,4,2026-04-22 20:01:39
720,MEDELLIN - ZARAGOZA,MEDELLIN,ZARAGOZA,0,1,2026-04-22 20:01:39
721,VALLEDUPAR - BOSCONIA,VALLEDUPAR,BOSCONIA,0,1,2026-04-22 20:01:39
722,BOGOTA D.C. - CARCASI,BOGOTA D.C.,CARCASI,0,1,2026-04-22 20:01:39
723,"BOGOTA D.C. - PALMIRA , PALMIRA - JAMUNDI , JAMUNDI - CALI",BOGOTA D.C.,PALMIRA,1,3,2026-04-22 20:01:39
724,BOGOTA D.C. - PROVIDENCIA,BOGOTA D.C.,PROVIDENCIA,0,1,2026-04-22 20:01:39
725,BOGOTA D.C. - BUENOS AIRES,BOGOTA D.C.,BUENOS AIRES,0,1,2026-04-22 20:01:39
726,CALI - EL CERRITO,CALI,EL CERRITO,0,1,2026-04-22 20:01:39
727,BOGOTA D.C. - SEVILLA,BOGOTA D.C.,SEVILLA,0,1,2026-04-22 20:01:39
728,BOGOTA D.C. - JERICO,BOGOTA D.C.,JERICO,0,1,2026-04-22 20:01:39
729,CUCUTA - GRAMALOTE,CUCUTA,GRAMALOTE,0,1,2026-04-22 20:01:39
730,"BOGOTA D.C. - NECOCLI , BOGOTA D.C. - ARACATACA , BOGOTA D.C. - TOLU , BOGOTA D.C. - ARAUQUITA",BOGOTA D.C.,NECOCLI,1,4,2026-04-22 20:01:39
731,BOGOTA D.C. - PUERTO LIBERTADOR,BOGOTA D.C.,PUERTO LIBERTADOR,0,1,2026-04-22 20:01:39
732,BOGOTA D.C. - LA SIERRA,BOGOTA D.C.,LA SIERRA,0,1,2026-04-22 20:01:39
733,"BOGOTA D.C. - ACACIAS , ACACIAS - VILLAVICENCIO",BOGOTA D.C.,ACACIAS,1,2,2026-04-22 20:01:39
734,"BOGOTA D.C. - CUCUTA , BOGOTA D.C. - RIOHACHA",BOGOTA D.C.,CUCUTA,1,2,2026-04-22 20:01:39
735,BOGOTA D.C. - GALERAS,BOGOTA D.C.,GALERAS,0,1,2026-04-22 20:01:39
736,IBAGUE - FALAN,IBAGUE,FALAN,0,1,2026-04-22 20:01:39
737,BOGOTA D.C. - TOTORO,BOGOTA D.C.,TOTORO,0,1,2026-04-22 20:01:39
738,SINCELEJO - COLOSO,SINCELEJO,COLOSO,0,1,2026-04-22 20:01:39
739,BOGOTA D.C. - PASCA,BOGOTA D.C.,PASCA,0,1,2026-04-22 20:01:39
740,BOGOTA D.C. - CORDOBA,BOGOTA D.C.,CORDOBA,0,1,2026-04-22 20:01:39
741,MONTERIA - MOÑITOS,MONTERIA,MOÑITOS,0,1,2026-04-22 20:01:39
742,"BOGOTA D.C. - AGUA DE DIOS , BOGOTA D.C. - RAQUIRA",BOGOTA D.C.,AGUA DE DIOS,1,2,2026-04-22 20:01:39
743,"MONTERIA - LOS CORDOBAS , MONTERIA - TIERRALTA",MONTERIA,LOS CORDOBAS,1,2,2026-04-22 20:01:39
744,"BOGOTA D.C. - DOSQUEBRADAS , BOGOTA D.C. - VILLANUEVA",BOGOTA D.C.,DOSQUEBRADAS,1,2,2026-04-22 20:01:39
745,"BOGOTA D.C. - SIMITI , BOGOTA D.C. - ZAMBRANO",BOGOTA D.C.,SIMITI,1,2,2026-04-22 20:01:39
746,BOGOTA D.C. - PUEBLO RICO,BOGOTA D.C.,PUEBLO RICO,0,1,2026-04-22 20:01:39
747,BOGOTA D.C. - TAMESIS,BOGOTA D.C.,TAMESIS,0,1,2026-04-22 20:01:39
748,"MONTERIA - PUERTO LIBERTADOR , MONTERIA - SAN - V.",MONTERIA,PUERTO LIBERTADOR,1,2,2026-04-22 20:01:39
749,"PEREIRA - MARSELLA , PEREIRA - MARSELLA",PEREIRA,MARSELLA,1,2,2026-04-22 20:01:39
750,PEREIRA - MARSELLA,PEREIRA,MARSELLA,0,1,2026-04-22 20:01:39
751,BOGOTA D.C. - CUBARA,BOGOTA D.C.,CUBARA,0,1,2026-04-22 20:01:39
752,PEREIRA - PUEBLO RICO,PEREIRA,PUEBLO RICO,0,1,2026-04-22 20:01:39
753,"BOGOTA D.C. - GIRON , GIRON - BUCARAMANGA",BOGOTA D.C.,GIRON,1,2,2026-04-22 20:01:39
754,"VALLEDUPAR - VALLEDUPAR , VALLEDUPAR - VALLEDUPAR",VALLEDUPAR,VALLEDUPAR,1,2,2026-04-22 20:01:39
755,SINCELEJO - GUARANDA,SINCELEJO,GUARANDA,0,1,2026-04-22 20:01:39
756,POPAYAN - TOTORO,POPAYAN,TOTORO,0,1,2026-04-22 20:01:39
757,"VALLEDUPAR - CHIRIGUANA , VALLEDUPAR - LA GLORIA , VALLEDUPAR - AGUACHICA",VALLEDUPAR,CHIRIGUANA,1,3,2026-04-22 20:01:39
758,BOGOTA D.C. - CIMITARRA,BOGOTA D.C.,CIMITARRA,0,1,2026-04-22 20:01:39
759,BOGOTA D.C. - SANTO TOMAS,BOGOTA D.C.,SANTO TOMAS,0,1,2026-04-22 20:01:39
760,VALLEDUPAR - VALLEDUPAR,VALLEDUPAR,VALLEDUPAR,0,1,2026-04-22 20:01:39
761,YOPAL - TRINIDAD,YOPAL,TRINIDAD,0,1,2026-04-22 20:01:39
762,"BOGOTA D.C. - CIENAGA , BOGOTA D.C. - BUGA",BOGOTA D.C.,CIENAGA,1,2,2026-04-22 20:01:39
763,"BOGOTA D.C. - JUNIN , BOGOTA D.C. - GIRARDOT",BOGOTA D.C.,JUNIN,1,2,2026-04-22 20:01:39
764,"BOGOTA D.C. - CALI , BOGOTA D.C. - CALI",BOGOTA D.C.,CALI,1,2,2026-04-22 20:01:39
765,SANTA MARTA - CIENAGA,SANTA MARTA,CIENAGA,0,1,2026-04-22 20:01:39
766,"IBAGUE - ATACO , IBAGUE - SUAREZ",IBAGUE,ATACO,1,2,2026-04-22 20:01:39
767,BOGOTA D.C. - SOLEDAD,BOGOTA D.C.,SOLEDAD,0,1,2026-04-22 20:01:39
768,"BOGOTA D.C. - SOACHA , BOGOTA D.C. - SOACHA",BOGOTA D.C.,SOACHA,1,2,2026-04-22 20:01:39
769,VALLEDUPAR - SAN MARTIN,VALLEDUPAR,SAN MARTIN,0,1,2026-04-22 20:01:39
770,"BARRANQUILLA - SABANALARGA , BARRANQUILLA - REPELON , BARRANQUILLA - CANDELARIA , BARRANQUILLA - PALMAR - VARELA (ATLANTICO)",BARRANQUILLA,SABANALARGA,1,4,2026-04-22 20:01:39
771,BOGOTA D.C. - JAMUNDI,BOGOTA D.C.,JAMUNDI,0,1,2026-04-22 20:01:39
772,BOGOTA D.C. - CUMBAL,BOGOTA D.C.,CUMBAL,0,1,2026-04-22 20:01:39
773,BOGOTA D.C. - MONTELIBANO,BOGOTA D.C.,MONTELIBANO,0,1,2026-04-22 20:01:39
774,BOGOTA D.C. - EL DORADO,BOGOTA D.C.,EL DORADO,0,1,2026-04-22 20:01:39
775,TUNJA - SUSACON,TUNJA,SUSACON,0,1,2026-04-22 20:01:39
776,BOGOTA D.C. - PLANADAS,BOGOTA D.C.,PLANADAS,0,1,2026-04-22 20:01:39
777,BOGOTA D.C. - DOSQUEBRADAS,BOGOTA D.C.,DOSQUEBRADAS,0,1,2026-04-22 20:01:39
778,"RIOHACHA - DIBULLA GUAJIRA , RIOHACHA - SAN JUAN DEL CESAR - GUAJIRA , RIOHACHA - VILLANUEVA , RIOHACHA - MAICAO",RIOHACHA,DIBULLA GUAJIRA,1,4,2026-04-22 20:01:39
779,"BARRANQUILLA - POLONUEVO , BARRANQUILLA - POLONUEVO",BARRANQUILLA,POLONUEVO,1,2,2026-04-22 20:01:39
780,VALLEDUPAR - CURUMANI,VALLEDUPAR,CURUMANI,0,1,2026-04-22 20:01:39
781,TUNJA - TOTA,TUNJA,TOTA,0,1,2026-04-22 20:01:39
782,"BOGOTA D.C. - CORDOBA , BOGOTA D.C. - NECOCLI",BOGOTA D.C.,CORDOBA,1,2,2026-04-22 20:01:39
783,BOGOTA D.C. - PUERTO NARINO,BOGOTA D.C.,PUERTO NARINO,0,1,2026-04-22 20:01:39
784,"BOGOTA D.C. - PITALITO , BOGOTA D.C. - SAN GIL , BOGOTA D.C. - SANTUARIO",BOGOTA D.C.,PITALITO,1,3,2026-04-22 20:01:39
785,TUNJA - CALDAS,TUNJA,CALDAS,0,1,2026-04-22 20:01:39
786,"MONTERIA - MOMIL , MONTERIA - PUEBLO NUEVO",MONTERIA,MOMIL,1,2,2026-04-22 20:01:39
787,"BOGOTA D.C. - MAICAO , BOGOTA D.C. - SAN JACINTO",BOGOTA D.C.,MAICAO,1,2,2026-04-22 20:01:39
788,BOGOTA D.C. - CALARCA,BOGOTA D.C.,CALARCA,0,1,2026-04-22 20:01:39
789,MEDELLIN - VALPARAISO,MEDELLIN,VALPARAISO,0,1,2026-04-22 20:01:39
790,MOCOA - MALLAMA,MOCOA,MALLAMA,0,1,2026-04-22 20:01:39
791,"PEREIRA - PUEBLO RICO , PEREIRA - PUEBLO RICO",PEREIRA,PUEBLO RICO,1,2,2026-04-22 20:01:39
792,"CUCUTA - CUCUTILLA , CUCUTA - TIBU , CUCUTA - OCAÑA",CUCUTA,CUCUTILLA,1,3,2026-04-22 20:01:39
793,MANIZALES - PENSILVANIA,MANIZALES,PENSILVANIA,0,1,2026-04-22 20:01:39
794,BOGOTA D.C. - AGUSTIN CODAZZI,BOGOTA D.C.,AGUSTIN CODAZZI,0,1,2026-04-22 20:01:39
795,"MANIZALES - CHINCHINA , MANIZALES - CHINCHINA , MANIZALES - CHINCHINA",MANIZALES,CHINCHINA,1,3,2026-04-22 20:01:39
796,"PEREIRA - DOSQUEBRADAS , PEREIRA - MARSELLA",PEREIRA,DOSQUEBRADAS,1,2,2026-04-22 20:01:39
797,"IBAGUE - CAJAMARCA , IBAGUE - ROVIRA , IBAGUE - PIEDRAS , IBAGUE - VALLE - S.JUAN",IBAGUE,CAJAMARCA,1,4,2026-04-22 20:01:39
798,QUIBDO - BOJAYA,QUIBDO,BOJAYA,0,1,2026-04-22 20:01:39
799,"BOGOTA D.C. - MEDELLIN , BOGOTA D.C. - SANTA MARTA , BOGOTA D.C. - RIOHACHA",BOGOTA D.C.,MEDELLIN,1,3,2026-04-22 20:01:39
800,BOGOTA D.C. - GUASCA,BOGOTA D.C.,GUASCA,0,1,2026-04-22 20:01:39
801,MEDELLIN - ITAGUI,MEDELLIN,ITAGUI,0,1,2026-04-22 20:01:39
802,"CUCUTA - LOS PATIOS , CUCUTA - SAN CAYETANO , CUCUTA - VILLA ROSARIO",CUCUTA,LOS PATIOS,1,3,2026-04-22 20:01:39
803,BOGOTA D.C. - PAZ - RIO,BOGOTA D.C.,PAZ - RIO,0,1,2026-04-22 20:01:39
804,MONTERIA - CIENAGA - ORO,MONTERIA,CIENAGA - ORO,0,1,2026-04-22 20:01:39
805,BOGOTA D.C. - VILLA - LEYVA,BOGOTA D.C.,VILLA - LEYVA,0,1,2026-04-22 20:01:39
806,YOPAL - AGUAZUL,YOPAL,AGUAZUL,0,1,2026-04-22 20:01:39
807,"TUNJA - SUSACON , TUNJA - TUTASA",TUNJA,SUSACON,1,2,2026-04-22 20:01:39
808,BOGOTA D.C. - SAN - DE ARAMA,BOGOTA D.C.,SAN - DE ARAMA,0,1,2026-04-22 20:01:39
809,"SINCELEJO - SINCE , SINCELEJO - SINCE , SINCELEJO - SINCE",SINCELEJO,SINCE,1,3,2026-04-22 20:01:39
810,"ARMENIA - BUENAVISTA , ARMENIA - CORDOBA , ARMENIA - PIJAO , ARMENIA - CIRCASIA",ARMENIA,BUENAVISTA,1,4,2026-04-22 20:01:39
811,"BOGOTA D.C. - NECOCLI , BOGOTA D.C. - NECOCLI",BOGOTA D.C.,NECOCLI,1,2,2026-04-22 20:01:39
812,BOGOTA D.C. - MARIQUITA,BOGOTA D.C.,MARIQUITA,0,1,2026-04-22 20:01:39
813,IBAGUE - MARIQUITA,IBAGUE,MARIQUITA,0,1,2026-04-22 20:01:39
814,TUNJA - PESCA,TUNJA,PESCA,0,1,2026-04-22 20:01:39
815,"CALI - BUENAVENTURA , CALI - BUENAVENTURA",CALI,BUENAVENTURA,1,2,2026-04-22 20:01:39
816,BOGOTA D.C. - APULO,BOGOTA D.C.,APULO,0,1,2026-04-22 20:01:39
817,"PASTO - SAN BERNARDO , PASTO - CUASPUD-CARLOSAMA",PASTO,SAN BERNARDO,1,2,2026-04-22 20:01:39
818,TUNJA - SOATA,TUNJA,SOATA,0,1,2026-04-22 20:01:39
819,BOGOTA D.C. - VISTA HERMOSA,BOGOTA D.C.,VISTA HERMOSA,0,1,2026-04-22 20:01:39
820,"MANIZALES - LA DORADA , MANIZALES - LA DORADA",MANIZALES,LA DORADA,1,2,2026-04-22 20:01:39
821,BOGOTA D.C. - SUAZA,BOGOTA D.C.,SUAZA,0,1,2026-04-22 20:01:39
822,BOGOTA D.C. - ZONA - - MAGDALENA,BOGOTA D.C.,ZONA - - MAGDALENA,0,1,2026-04-22 20:01:39
823,TUNJA - MONGUA,TUNJA,MONGUA,0,1,2026-04-22 20:01:39
824,BOGOTA D.C. - TIERRALTA,BOGOTA D.C.,TIERRALTA,0,1,2026-04-22 20:01:39
825,BOGOTA D.C. - MAGANGUE,BOGOTA D.C.,MAGANGUE,0,1,2026-04-22 20:01:39
826,MEDELLIN - VIGIA - FUERTE,MEDELLIN,VIGIA - FUERTE,0,1,2026-04-22 20:01:39
827,CALI - FLORIDA,CALI,FLORIDA,0,1,2026-04-22 20:01:39
828,"FLORENCIA - CARTAGENA - CHAIRA , FLORENCIA - SAN - CAGUAN",FLORENCIA,CARTAGENA - CHAIRA,1,2,2026-04-22 20:01:39
829,BOGOTA D.C. - PITALITO,BOGOTA D.C.,PITALITO,0,1,2026-04-22 20:01:39
830,"RIOHACHA - DIBULLA GUAJIRA , RIOHACHA - SAN JUAN DEL CESAR - GUAJIRA",RIOHACHA,DIBULLA GUAJIRA,1,2,2026-04-22 20:01:39
831,FLORENCIA - BELEN - LOS A.,FLORENCIA,BELEN - LOS A.,0,1,2026-04-22 20:01:39
832,BOGOTA D.C. - LA PLATA,BOGOTA D.C.,LA PLATA,0,1,2026-04-22 20:01:39
833,BOGOTA D.C. - MPIO. - SAN - DEL - (BOLIVAR),BOGOTA D.C.,MPIO. - SAN - DEL - (BOLIVAR),0,1,2026-04-22 20:01:39
834,"BOGOTA D.C. - ENVIGADO , BOGOTA D.C. - MEDELLIN",BOGOTA D.C.,ENVIGADO,1,2,2026-04-22 20:01:39
835,"YOPAL - PORE , YOPAL - NUNCHIA , YOPAL - TAURAMENA",YOPAL,PORE,1,3,2026-04-22 20:01:39
836,"BUCARAMANGA - SAN GIL , BUCARAMANGA - PINCHOTE , BUCARAMANGA - MALAGA",BUCARAMANGA,SAN GIL,1,3,2026-04-22 20:01:39
837,TUNJA - LA VICTORIA,TUNJA,LA VICTORIA,0,1,2026-04-22 20:01:39
838,"BOGOTA D.C. - TUMACO , BOGOTA D.C. - QUIBDO , BOGOTA D.C. - CARTAGENA",BOGOTA D.C.,TUMACO,1,3,2026-04-22 20:01:39
839,BOGOTA D.C. - MESETAS,BOGOTA D.C.,MESETAS,0,1,2026-04-22 20:01:39
840,"BOGOTA D.C. - CARTAGENA , BOGOTA D.C. - POPAYAN , BOGOTA D.C. - SAN ANDRES",BOGOTA D.C.,CARTAGENA,1,3,2026-04-22 20:01:39
841,BOGOTA D.C. - NOVITA,BOGOTA D.C.,NOVITA,0,1,2026-04-22 20:01:39
842,CARTAGENA - MORALES,CARTAGENA,MORALES,0,1,2026-04-22 20:01:39
843,"MONTERIA - SAHAGUN , MONTERIA - LORICA",MONTERIA,SAHAGUN,1,2,2026-04-22 20:01:39
844,MANIZALES - FILADELFIA,MANIZALES,FILADELFIA,0,1,2026-04-22 20:01:39
845,CUCUTA - CACOTA,CUCUTA,CACOTA,0,1,2026-04-22 20:01:39
846,"CUCUTA - ABREGO , CUCUTA - LA PLAYA",CUCUTA,ABREGO,1,2,2026-04-22 20:01:39
847,BOGOTA D.C. - BELEN - LOS A.,BOGOTA D.C.,BELEN - LOS A.,0,1,2026-04-22 20:01:39
848,IBAGUE - SALDAÑA,IBAGUE,SALDAÑA,0,1,2026-04-22 20:01:39
849,SANTA MARTA - PUEBLO VIEJO,SANTA MARTA,PUEBLO VIEJO,0,1,2026-04-22 20:01:39
850,"MANIZALES - SAMANA , MANIZALES - PACORA",MANIZALES,SAMANA,1,2,2026-04-22 20:01:39
851,BOGOTA D.C. - VILLAPINZON,BOGOTA D.C.,VILLAPINZON,0,1,2026-04-22 20:01:39
852,BOGOTA D.C. - ANSERMA,BOGOTA D.C.,ANSERMA,0,1,2026-04-22 20:01:39
853,BOGOTA D.C. - EL BAGRE,BOGOTA D.C.,EL BAGRE,0,1,2026-04-22 20:01:39
854,"ARMENIA - LA TEBAIDA , ARMENIA - CORDOBA",ARMENIA,LA TEBAIDA,1,2,2026-04-22 20:01:39
855,BOGOTA D.C. - EL RETORNO,BOGOTA D.C.,EL RETORNO,0,1,2026-04-22 20:01:39
856,CUCUTA - PAMPLONITA,CUCUTA,PAMPLONITA,0,1,2026-04-22 20:01:39
857,BOGOTA D.C. - JENESANO,BOGOTA D.C.,JENESANO,0,1,2026-04-22 20:01:39
858,SINCELEJO - COVENAS (SUCRE),SINCELEJO,COVENAS (SUCRE),0,1,2026-04-22 20:01:39
859,"BARRANQUILLA - PUERTO COLOMBIA , BARRANQUILLA - SANTO TOMAS",BARRANQUILLA,PUERTO COLOMBIA,1,2,2026-04-22 20:01:39
860,"BOGOTA D.C. - CUCUTA , BOGOTA D.C. - LETICIA",BOGOTA D.C.,CUCUTA,1,2,2026-04-22 20:01:39
861,"SAN - DEL GUAVIAR - SAN - DEL GUAVIAR , SAN - DEL GUAVIAR - SAN - DEL GUAVIAR",SAN,DEL GUAVIAR - SAN - DEL GUAVIAR,1,2,2026-04-22 20:01:39
862,BOGOTA D.C. - CAJICA,BOGOTA D.C.,CAJICA,0,1,2026-04-22 20:01:39
863,BOGOTA D.C. - TUQUERRES,BOGOTA D.C.,TUQUERRES,0,1,2026-04-22 20:01:39
864,CALI - LA CUMBRE,CALI,LA CUMBRE,0,1,2026-04-22 20:01:39
865,"RIOHACHA - URIBIA , RIOHACHA - MAICAO , RIOHACHA - MANAURE",RIOHACHA,URIBIA,1,3,2026-04-22 20:01:39
866,IBAGUE - VILLARRICA,IBAGUE,VILLARRICA,0,1,2026-04-22 20:01:39
867,PEREIRA - DOSQUEBRADAS,PEREIRA,DOSQUEBRADAS,0,1,2026-04-22 20:01:39
868,BOGOTA D.C. - CISNEROS,BOGOTA D.C.,CISNEROS,0,1,2026-04-22 20:01:39
869,BOGOTA D.C. - GACHETA,BOGOTA D.C.,GACHETA,0,1,2026-04-22 20:01:39
870,BOGOTA D.C. - VALPARAISO,BOGOTA D.C.,VALPARAISO,0,1,2026-04-22 20:01:39
871,MEDELLIN - ENTRERRIOS,MEDELLIN,ENTRERRIOS,0,1,2026-04-22 20:01:39
872,FLORENCIA - EL DONCELLO,FLORENCIA,EL DONCELLO,0,1,2026-04-22 20:01:39
873,"ARMENIA - CALARCA , ARMENIA - SALENTO , ARMENIA - FILANDIA , ARMENIA - QUIMBAYA , ARMENIA - CIRCASIA",ARMENIA,CALARCA,1,5,2026-04-22 20:01:39
874,IBAGUE - LERIDA,IBAGUE,LERIDA,0,1,2026-04-22 20:01:39
875,BOGOTA D.C. - CARTAGENA - CHAIRA,BOGOTA D.C.,CARTAGENA - CHAIRA,0,1,2026-04-22 20:01:39
876,"TUNJA - TIBASOSA , TUNJA - SORACA , TUNJA - CHIVATA , TUNJA - CUCAITA , TUNJA - SACHICA , TUNJA - VILLA - LEYVA",TUNJA,TIBASOSA,1,6,2026-04-22 20:01:39
877,"TUNJA - DUITAMA , TUNJA - TURMEQUE , TUNJA - RAMIRIQUI , TUNJA - TUTA , TUNJA - PAIPA , TUNJA - NUEVO COLON",TUNJA,DUITAMA,1,6,2026-04-22 20:01:39
878,TUNJA - PAYA,TUNJA,PAYA,0,1,2026-04-22 20:01:39
879,IBAGUE - CUNDAY,IBAGUE,CUNDAY,0,1,2026-04-22 20:01:39
880,CUCUTA - SALAZAR,CUCUTA,SALAZAR,0,1,2026-04-22 20:01:39
881,"BARRANQUILLA - MALAMBO , BARRANQUILLA - MALAMBO",BARRANQUILLA,MALAMBO,1,2,2026-04-22 20:01:39
882,MANIZALES - MARULANDA,MANIZALES,MARULANDA,0,1,2026-04-22 20:01:39
883,MEDELLIN - SANTO DOMINGO,MEDELLIN,SANTO DOMINGO,0,1,2026-04-22 20:01:39
884,"VALLEDUPAR - SAN MARTIN , VALLEDUPAR - CURUMANI",VALLEDUPAR,SAN MARTIN,1,2,2026-04-22 20:01:39
885,CARTAGENA - MELGAR,CARTAGENA,MELGAR,0,1,2026-04-22 20:01:39
886,"BOGOTA D.C. - VALLEDUPAR , BOGOTA D.C. - MEDELLIN",BOGOTA D.C.,VALLEDUPAR,1,2,2026-04-22 20:01:39
887,"CALI - DAGUA , CALI - GUACARI - DEL CAUCA) , CALI - EL CERRITO , CALI - PRADERA",CALI,DAGUA,1,4,2026-04-22 20:01:39
888,"SANTA MARTA - ARACATACA , SANTA MARTA - ZONA - - MAGDALENA",SANTA MARTA,ARACATACA,1,2,2026-04-22 20:01:39
889,MANIZALES - MELGAR,MANIZALES,MELGAR,0,1,2026-04-22 20:01:39
890,SANTA MARTA - FUNDACION,SANTA MARTA,FUNDACION,0,1,2026-04-22 20:01:39
891,BOGOTA D.C. - PAIPA,BOGOTA D.C.,PAIPA,0,1,2026-04-22 20:01:39
892,TUNJA - MELGAR,TUNJA,MELGAR,0,1,2026-04-22 20:01:39
893,BUCARAMANGA - MELGAR,BUCARAMANGA,MELGAR,0,1,2026-04-22 20:01:39
894,VILLAVICENCIO - MELGAR,VILLAVICENCIO,MELGAR,0,1,2026-04-22 20:01:39
895,"IBAGUE - RIOBLANCO , IBAGUE - FRESNO",IBAGUE,RIOBLANCO,1,2,2026-04-22 20:01:39
896,MEDELLIN - MONTEBELLO,MEDELLIN,MONTEBELLO,0,1,2026-04-22 20:01:39
897,BOGOTA D.C. - MOÑITOS,BOGOTA D.C.,MOÑITOS,0,1,2026-04-22 20:01:39
898,"BOGOTA D.C. - FUSAGASUGA , BOGOTA D.C. - ALBAN , BOGOTA D.C. - TIBIRITA , BOGOTA D.C. - FOMEQUE",BOGOTA D.C.,FUSAGASUGA,1,4,2026-04-22 20:01:39
899,"BOGOTA D.C. - NEIVA , BOGOTA D.C. - CARTAGENA",BOGOTA D.C.,NEIVA,1,2,2026-04-22 20:01:39
900,BOGOTA D.C. - LA PINTADA,BOGOTA D.C.,LA PINTADA,0,1,2026-04-22 20:01:39
901,"BOGOTA D.C. - MEDELLIN , BOGOTA D.C. - MONTERIA",BOGOTA D.C.,MEDELLIN,1,2,2026-04-22 20:01:39
902,MANIZALES - MANZANARES,MANIZALES,MANZANARES,0,1,2026-04-22 20:01:39
903,FLORENCIA - MORELIA,FLORENCIA,MORELIA,0,1,2026-04-22 20:01:39
904,"SAN - DEL GUAVIAR - EL RETORNO , SAN - DEL GUAVIAR - EL RETORNO",SAN,DEL GUAVIAR - EL RETORNO,1,2,2026-04-22 20:01:39
905,BOGOTA D.C. - LERIDA,BOGOTA D.C.,LERIDA,0,1,2026-04-22 20:01:39
906,BOGOTA D.C. - INZA,BOGOTA D.C.,INZA,0,1,2026-04-22 20:01:39
907,BOGOTA D.C. - CARTAGO,BOGOTA D.C.,CARTAGO,0,1,2026-04-22 20:01:39
908,MEDELLIN - PUERTO NARE,MEDELLIN,PUERTO NARE,0,1,2026-04-22 20:01:39
909,"TUNJA - CORRALES , TUNJA - SUTATENZA",TUNJA,CORRALES,1,2,2026-04-22 20:01:39
910,"BOGOTA D.C. - INIRIDA , BOGOTA D.C. - LETICIA",BOGOTA D.C.,INIRIDA,1,2,2026-04-22 20:01:39
911,BOGOTA D.C. - SAN CARLOS,BOGOTA D.C.,SAN CARLOS,0,1,2026-04-22 20:01:39
912,CALI - CARTAGO,CALI,CARTAGO,0,1,2026-04-22 20:01:39
913,BOGOTA D.C. - PIEDRAS,BOGOTA D.C.,PIEDRAS,0,1,2026-04-22 20:01:39
914,BOGOTA D.C. - SAPUYES,BOGOTA D.C.,SAPUYES,0,1,2026-04-22 20:01:39
915,CALI - ARMENIA,CALI,ARMENIA,0,1,2026-04-22 20:01:39
916,CARTAGENA - ZAMBRANO,CARTAGENA,ZAMBRANO,0,1,2026-04-22 20:01:39
917,MEDELLIN - CANASGORDAS,MEDELLIN,CANASGORDAS,0,1,2026-04-22 20:01:39
918,BOGOTA D.C. - GUADUAS,BOGOTA D.C.,GUADUAS,0,1,2026-04-22 20:01:39
919,YOPAL - TAURAMENA,YOPAL,TAURAMENA,0,1,2026-04-22 20:01:39
920,BOGOTA D.C. - MARIA - BAJA,BOGOTA D.C.,MARIA - BAJA,0,1,2026-04-22 20:01:39
921,NEIVA - GUADALUPE,NEIVA,GUADALUPE,0,1,2026-04-22 20:01:39
922,"ARMENIA - SALENTO , ARMENIA - FILANDIA",ARMENIA,SALENTO,1,2,2026-04-22 20:01:39
923,TUNJA - GACHANTIVA,TUNJA,GACHANTIVA,0,1,2026-04-22 20:01:39
924,"BARRANQUILLA - TUBARA , BARRANQUILLA - BARANOA",BARRANQUILLA,TUBARA,1,2,2026-04-22 20:01:39
925,"NEIVA - HOBO , NEIVA - TIMANA",NEIVA,HOBO,1,2,2026-04-22 20:01:39
926,CARTAGENA - VALLEDUPAR,CARTAGENA,VALLEDUPAR,0,1,2026-04-22 20:01:39
927,VILLAVICENCIO - ACACIAS,VILLAVICENCIO,ACACIAS,0,1,2026-04-22 20:01:39
928,BOGOTA D.C. - EL COLEGIO,BOGOTA D.C.,EL COLEGIO,0,1,2026-04-22 20:01:39
929,BOGOTA D.C. - EL ROSAL,BOGOTA D.C.,EL ROSAL,0,1,2026-04-22 20:01:39
930,BOGOTA D.C. - HATILLO - LOBA,BOGOTA D.C.,HATILLO - LOBA,0,1,2026-04-22 20:01:39
931,SANTA MARTA - NUEVA - (MAGDALENA),SANTA MARTA,NUEVA - (MAGDALENA),0,1,2026-04-22 20:01:39
932,SINCELEJO - TOLU,SINCELEJO,TOLU,0,1,2026-04-22 20:01:39
933,"LETICIA - PUERTO NARINO , LETICIA - PUERTO NARINO",LETICIA,PUERTO NARINO,1,2,2026-04-22 20:01:39
934,"BARRANQUILLA - SUAN , BARRANQUILLA - REPELON , BARRANQUILLA - LURUACO , BARRANQUILLA - PONEDERA",BARRANQUILLA,SUAN,1,4,2026-04-22 20:01:39
935,CARTAGENA - CALI,CARTAGENA,CALI,0,1,2026-04-22 20:01:39
936,"PEREIRA - APIA , PEREIRA - SANTA - DE CABAL",PEREIRA,APIA,1,2,2026-04-22 20:01:39
937,SAN - DEL GUAVIAR - EL RETORNO,SAN,DEL GUAVIAR - EL RETORNO,0,1,2026-04-22 20:01:39
938,MONTERIA - VALLEDUPAR,MONTERIA,VALLEDUPAR,0,1,2026-04-22 20:01:39
939,"BOGOTA D.C. - MANI , BOGOTA D.C. - AMAGA",BOGOTA D.C.,MANI,1,2,2026-04-22 20:01:39
940,"BOGOTA D.C. - MANIZALES , BOGOTA D.C. - BARRANQUILLA",BOGOTA D.C.,MANIZALES,1,2,2026-04-22 20:01:39
941,BOGOTA D.C. - SOPO,BOGOTA D.C.,SOPO,0,1,2026-04-22 20:01:39
942,BOGOTA D.C. - ANDES,BOGOTA D.C.,ANDES,0,1,2026-04-22 20:01:39
943,BOGOTA D.C. - HISPANIA,BOGOTA D.C.,HISPANIA,0,1,2026-04-22 20:01:39
944,"VILLAVICENCIO - SAN MARTIN , VILLAVICENCIO - GUAMAL , VILLAVICENCIO - ACACIAS , VILLAVICENCIO - RESTREPO",VILLAVICENCIO,SAN MARTIN,1,4,2026-04-22 20:01:39
945,CARTAGENA - MEDELLIN,CARTAGENA,MEDELLIN,0,1,2026-04-22 20:01:39
946,BOGOTA D.C. - SAN - DE BORBUR,BOGOTA D.C.,SAN - DE BORBUR,0,1,2026-04-22 20:01:39
947,VILLAVICENCIO - PUERTO CONCORDIA,VILLAVICENCIO,PUERTO CONCORDIA,0,1,2026-04-22 20:01:39
948,"BUCARAMANGA - BARRANCABERMEJA , BUCARAMANGA - SAN GIL",BUCARAMANGA,BARRANCABERMEJA,1,2,2026-04-22 20:01:39
949,BOGOTA D.C. - VILLANUEVA,BOGOTA D.C.,VILLANUEVA,0,1,2026-04-22 20:01:39
950,MANIZALES - VILLAMARIA,MANIZALES,VILLAMARIA,0,1,2026-04-22 20:01:39
951,"BOGOTA D.C. - YOPAL , BOGOTA D.C. - MONTERIA",BOGOTA D.C.,YOPAL,1,2,2026-04-22 20:01:39
952,"RIOHACHA - HATONUEVO , RIOHACHA - DIBULLA GUAJIRA",RIOHACHA,HATONUEVO,1,2,2026-04-22 20:01:39
953,CARTAGENA - TUNJA,CARTAGENA,TUNJA,0,1,2026-04-22 20:01:39
954,CUCUTA - LABATECA,CUCUTA,LABATECA,0,1,2026-04-22 20:01:39
955,"BARRANQUILLA - PUERTO COLOMBIA , BARRANQUILLA - SANTO TOMAS , BARRANQUILLA - SABANAGRANDE , BARRANQUILLA - GALAPA",BARRANQUILLA,PUERTO COLOMBIA,1,4,2026-04-22 20:01:39
956,BOGOTA D.C. - SAN - BETULIA,BOGOTA D.C.,SAN - BETULIA,0,1,2026-04-22 20:01:39
957,CUCUTA - HERRAN,CUCUTA,HERRAN,0,1,2026-04-22 20:01:39
958,MONTERIA - MUNICIPIO - LA - - CORDOBA,MONTERIA,MUNICIPIO - LA - - CORDOBA,0,1,2026-04-22 20:01:39
959,BOGOTA D.C. - GARZON,BOGOTA D.C.,GARZON,0,1,2026-04-22 20:01:39
960,VILLAVICENCIO - LA MACARENA,VILLAVICENCIO,LA MACARENA,0,1,2026-04-22 20:01:39
961,CALI - PRADERA,CALI,PRADERA,0,1,2026-04-22 20:01:39
962,"MANIZALES - ANSERMA , MANIZALES - NEIRA",MANIZALES,ANSERMA,1,2,2026-04-22 20:01:39
963,"BOGOTA D.C. - BOJACA , BOGOTA D.C. - CHIA",BOGOTA D.C.,BOJACA,1,2,2026-04-22 20:01:39
964,"IBAGUE - CHAPARRAL , IBAGUE - PRADO",IBAGUE,CHAPARRAL,1,2,2026-04-22 20:01:39
965,"QUIBDO - EL CARMEN , QUIBDO - ITSMINA",QUIBDO,EL CARMEN,1,2,2026-04-22 20:01:39
966,NEIVA - TIMANA,NEIVA,TIMANA,0,1,2026-04-22 20:01:39
967,BOGOTA D.C. - PENSILVANIA,BOGOTA D.C.,PENSILVANIA,0,1,2026-04-22 20:01:39
968,BOGOTA D.C. - CONCORDIA,BOGOTA D.C.,CONCORDIA,0,1,2026-04-22 20:01:39
969,QUIBDO - MEDIO BAUDO,QUIBDO,MEDIO BAUDO,0,1,2026-04-22 20:01:39
970,NEIVA - BARAYA,NEIVA,BARAYA,0,1,2026-04-22 20:01:39
971,BOGOTA D.C. - CACHIRA,BOGOTA D.C.,CACHIRA,0,1,2026-04-22 20:01:39
972,PUERTO CARRENO - PUERTO CARRENO,PUERTO CARRENO,PUERTO CARRENO,0,1,2026-04-22 20:01:39
973,BARRANQUILLA - JUAN - ACOSTA,BARRANQUILLA,JUAN - ACOSTA,0,1,2026-04-22 20:01:39
974,TUNJA - PAJARITO,TUNJA,PAJARITO,0,1,2026-04-22 20:01:39
975,"POPAYAN - TIMBIO , POPAYAN - CALDONO",POPAYAN,TIMBIO,1,2,2026-04-22 20:01:39
976,BOGOTA D.C. - CARACOLI,BOGOTA D.C.,CARACOLI,0,1,2026-04-22 20:01:39
977,"TUNJA - SACHICA , TUNJA - SUTAMARCHAN",TUNJA,SACHICA,1,2,2026-04-22 20:01:39
978,TUNJA - CUITIVA,TUNJA,CUITIVA,0,1,2026-04-22 20:01:39
979,BOGOTA D.C. - MUTATA,BOGOTA D.C.,MUTATA,0,1,2026-04-22 20:01:39
980,"BOGOTA D.C. - SOPO , BOGOTA D.C. - SOACHA , BOGOTA D.C. - SOACHA , BOGOTA D.C. - MOSQUERA",BOGOTA D.C.,SOPO,1,4,2026-04-22 20:01:39
981,"POPAYAN - CALOTO , POPAYAN - SILVIA",POPAYAN,CALOTO,1,2,2026-04-22 20:01:39
982,"TUNJA - PANQUEBA , TUNJA - MUZO",TUNJA,PANQUEBA,1,2,2026-04-22 20:01:39
983,BUCARAMANGA - BETULIA,BUCARAMANGA,BETULIA,0,1,2026-04-22 20:01:39
984,BOGOTA D.C. - PAMPLONA,BOGOTA D.C.,PAMPLONA,0,1,2026-04-22 20:01:39
985,BOGOTA D.C. - BUGA,BOGOTA D.C.,BUGA,0,1,2026-04-22 20:01:39
986,BOGOTA D.C. - ASTREA,BOGOTA D.C.,ASTREA,0,1,2026-04-22 20:01:39
987,PASTO - MAGUI-PAYAN,PASTO,MAGUI-PAYAN,0,1,2026-04-22 20:01:39
988,PUERTO CARRENO - LA PRIMAVERA,PUERTO CARRENO,LA PRIMAVERA,0,1,2026-04-22 20:01:39
989,BOGOTA D.C. - DISTRACCION - GUAJIRA,BOGOTA D.C.,DISTRACCION - GUAJIRA,0,1,2026-04-22 20:01:39
990,"BOGOTA D.C. - PUERTO CARRENO , BOGOTA D.C. - MITU",BOGOTA D.C.,PUERTO CARRENO,1,2,2026-04-22 20:01:39
991,MEDELLIN - SANTA FE DE ANTIOQUIA,MEDELLIN,SANTA FE DE ANTIOQUIA,0,1,2026-04-22 20:01:39
992,BOGOTA D.C. - EL COCUY,BOGOTA D.C.,EL COCUY,0,1,2026-04-22 20:01:39
993,MEDELLIN - JERICO,MEDELLIN,JERICO,0,1,2026-04-22 20:01:39
994,"BOGOTA D.C. - MEDELLIN , BOGOTA D.C. - YOPAL",BOGOTA D.C.,MEDELLIN,1,2,2026-04-22 20:01:39
995,"BOGOTA D.C. - YOPAL , BOGOTA D.C. - CARTAGENA",BOGOTA D.C.,YOPAL,1,2,2026-04-22 20:01:39
996,INIRIDA - BOGOTA D.C.,INIRIDA,BOGOTA D.C.,0,1,2026-04-22 20:01:39
997,MITU - BOGOTA D.C.,MITU,BOGOTA D.C.,0,1,2026-04-22 20:01:39
998,VILLAVICENCIO - BOGOTA D.C.,VILLAVICENCIO,BOGOTA D.C.,0,1,2026-04-22 20:01:39
999,SINCELEJO - BOGOTA D.C.,SINCELEJO,BOGOTA D.C.,0,1,2026-04-22 20:01:39
1000,SAN ANDRES - BOGOTA D.C.,SAN ANDRES,BOGOTA D.C.,0,1,2026-04-22 20:01:39
1001,ARAUCA - BOGOTA D.C.,ARAUCA,BOGOTA D.C.,0,1,2026-04-22 20:01:39
1002,LETICIA - BOGOTA D.C.,LETICIA,BOGOTA D.C.,0,1,2026-04-22 20:01:39
1003,MOCOA - BOGOTA D.C.,MOCOA,BOGOTA D.C.,0,1,2026-04-22 20:01:39
1004,MONTERIA - BOGOTA D.C.,MONTERIA,BOGOTA D.C.,0,1,2026-04-22 20:01:39
1005,SAN - DEL GUAVIAR - BOGOTA D.C.,SAN,DEL GUAVIAR - BOGOTA D.C.,0,1,2026-04-22 20:01:39
1006,YOPAL - BOGOTA D.C.,YOPAL,BOGOTA D.C.,0,1,2026-04-22 20:01:39
1007,CARTAGENA - BOGOTA D.C.,CARTAGENA,BOGOTA D.C.,0,1,2026-04-22 20:01:39
1008,BARRANQUILLA - BOGOTA D.C.,BARRANQUILLA,BOGOTA D.C.,0,1,2026-04-22 20:01:39
1009,MEDELLIN - MURINDO,MEDELLIN,MURINDO,0,1,2026-04-22 20:01:39
1010,"CALI - LA VICTORIA , CALI - GINEBRA",CALI,LA VICTORIA,1,2,2026-04-22 20:01:39
1011,BOGOTA D.C. - MORROA,BOGOTA D.C.,MORROA,0,1,2026-04-22 20:01:39
1012,QUIBDO - JURADO,QUIBDO,JURADO,0,1,2026-04-22 20:01:39
1013,BOGOTA D.C. - BARAYA,BOGOTA D.C.,BARAYA,0,1,2026-04-22 20:01:39
1014,"TUNJA - TURMEQUE , TUNJA - NUEVO COLON , TUNJA - TUTA , TUNJA - VENTAQUEMADA , TUNJA - SOTAQUIRA , TUNJA - PAIPA",TUNJA,TURMEQUE,1,6,2026-04-22 20:01:39
1015,BOGOTA D.C. - CAPITANEJO,BOGOTA D.C.,CAPITANEJO,0,1,2026-04-22 20:01:39
1016,BOGOTA D.C. - MALAGA,BOGOTA D.C.,MALAGA,0,1,2026-04-22 20:01:39
1017,BOGOTA D.C. - VIANI,BOGOTA D.C.,VIANI,0,1,2026-04-22 20:01:39
1018,BOGOTA D.C. - PULI,BOGOTA D.C.,PULI,0,1,2026-04-22 20:01:39
1019,BOGOTA D.C. - PIVIJAY,BOGOTA D.C.,PIVIJAY,0,1,2026-04-22 20:01:39
1020,BOGOTA D.C. - CHIGORODO,BOGOTA D.C.,CHIGORODO,0,1,2026-04-22 20:01:39
1021,TUNJA - BUENAVISTA,TUNJA,BUENAVISTA,0,1,2026-04-22 20:01:39
1022,"BOGOTA D.C. - VALLEDUPAR , BOGOTA D.C. - RIOHACHA",BOGOTA D.C.,VALLEDUPAR,1,2,2026-04-22 20:01:39
1023,BOGOTA D.C. - SITIONUEVO,BOGOTA D.C.,SITIONUEVO,0,1,2026-04-22 20:01:39
1024,CALI - SAN PEDRO,CALI,SAN PEDRO,0,1,2026-04-22 20:01:39
1025,PASTO - SAN LORENZO,PASTO,SAN LORENZO,0,1,2026-04-22 20:01:39
1026,BOGOTA D.C. - SAN CAYETANO,BOGOTA D.C.,SAN CAYETANO,0,1,2026-04-22 20:01:39
1027,MEDELLIN - CARACOLI,MEDELLIN,CARACOLI,0,1,2026-04-22 20:01:39
1028,MOCOA - PASTO,MOCOA,PASTO,0,1,2026-04-22 20:01:39
1029,BOGOTA D.C. - LOS PATIOS,BOGOTA D.C.,LOS PATIOS,0,1,2026-04-22 20:01:39
1030,RIOHACHA - SAN JUAN DEL CESAR - GUAJIRA,RIOHACHA,SAN JUAN DEL CESAR - GUAJIRA,0,1,2026-04-22 20:01:39
1031,CUCUTA - ABREGO,CUCUTA,ABREGO,0,1,2026-04-22 20:01:39
1032,MEDELLIN - RETIRO,MEDELLIN,RETIRO,0,1,2026-04-22 20:01:39
1033,PASTO - LINARES,PASTO,LINARES,0,1,2026-04-22 20:01:39
1034,CUCUTA - OCAÑA,CUCUTA,OCAÑA,0,1,2026-04-22 20:01:39
1035,BOGOTA D.C. - TONA,BOGOTA D.C.,TONA,0,1,2026-04-22 20:01:39
1036,MEDELLIN - PUERTO BERRIO,MEDELLIN,PUERTO BERRIO,0,1,2026-04-22 20:01:39
1037,PEREIRA - CALI,PEREIRA,CALI,0,1,2026-04-22 20:01:39
1038,FLORENCIA - CALI,FLORENCIA,CALI,0,1,2026-04-22 20:01:39
1039,CUCUTA - CALI,CUCUTA,CALI,0,1,2026-04-22 20:01:39
1040,MONTERIA - CALI,MONTERIA,CALI,0,1,2026-04-22 20:01:39
1041,BOGOTA D.C. - ROSAS,BOGOTA D.C.,ROSAS,0,1,2026-04-22 20:01:39
1042,BOGOTA D.C. - MACHETA,BOGOTA D.C.,MACHETA,0,1,2026-04-22 20:01:39
1043,TUNJA - SOMONDOCO,TUNJA,SOMONDOCO,0,1,2026-04-22 20:01:39
1044,IBAGUE - ROVIRA,IBAGUE,ROVIRA,0,1,2026-04-22 20:01:39
1045,"TUNJA - ARCABUCO , TUNJA - SUTAMARCHAN",TUNJA,ARCABUCO,1,2,2026-04-22 20:01:39
1046,CUCUTA - LOURDES,CUCUTA,LOURDES,0,1,2026-04-22 20:01:39
1047,CALI - ALCALA,CALI,ALCALA,0,1,2026-04-22 20:01:39
1048,BOGOTA D.C. - BARICHARA,BOGOTA D.C.,BARICHARA,0,1,2026-04-22 20:01:39
1049,RIOHACHA - URUMITA,RIOHACHA,URUMITA,0,1,2026-04-22 20:01:39
1050,BOGOTA D.C. - UBALA,BOGOTA D.C.,UBALA,0,1,2026-04-22 20:01:39
1051,VALLEDUPAR - GAMARRA,VALLEDUPAR,GAMARRA,0,1,2026-04-22 20:01:39
1052,MANIZALES - LA MERCED,MANIZALES,LA MERCED,0,1,2026-04-22 20:01:39
1053,CARTAGENA - SANTA CATALINA,CARTAGENA,SANTA CATALINA,0,1,2026-04-22 20:01:39
1054,POPAYAN - MERCADERES,POPAYAN,MERCADERES,0,1,2026-04-22 20:01:39
1055,TUNJA - MONGUI,TUNJA,MONGUI,0,1,2026-04-22 20:01:39
1056,BOGOTA D.C. - TIMANA,BOGOTA D.C.,TIMANA,0,1,2026-04-22 20:01:39
1057,IBAGUE - SUAREZ,IBAGUE,SUAREZ,0,1,2026-04-22 20:01:39
1058,BOGOTA D.C. - ARJONA,BOGOTA D.C.,ARJONA,0,1,2026-04-22 20:01:39
1059,"BOGOTA D.C. - TUMACO , BOGOTA D.C. - YOPAL",BOGOTA D.C.,TUMACO,1,2,2026-04-22 20:01:39
1060,MEDELLIN - HELICONIA,MEDELLIN,HELICONIA,0,1,2026-04-22 20:01:39
1061,BOGOTA D.C. - TOLU,BOGOTA D.C.,TOLU,0,1,2026-04-22 20:01:39
1062,RIOHACHA - VILLANUEVA,RIOHACHA,VILLANUEVA,0,1,2026-04-22 20:01:39
1063,CUCUTA - ARBOLEDAS,CUCUTA,ARBOLEDAS,0,1,2026-04-22 20:01:39
1064,BOGOTA D.C. - LA PAZ,BOGOTA D.C.,LA PAZ,0,1,2026-04-22 20:01:39
1065,"SINCELEJO - MAJAGUAL , SINCELEJO - GUARANDA",SINCELEJO,MAJAGUAL,1,2,2026-04-22 20:01:39
1066,"SINCELEJO - SAN - ABAD , SINCELEJO - SAN - ABAD",SINCELEJO,SAN - ABAD,1,2,2026-04-22 20:01:39
1067,NEIVA - HOBO,NEIVA,HOBO,0,1,2026-04-22 20:01:39
1068,VALLEDUPAR - LA GLORIA,VALLEDUPAR,LA GLORIA,0,1,2026-04-22 20:01:39
1069,ARAUCA - TAME,ARAUCA,TAME,0,1,2026-04-22 20:01:39
1070,"SINCELEJO - LOS PALMITOS , SINCELEJO - SINCE",SINCELEJO,LOS PALMITOS,1,2,2026-04-22 20:01:39
1071,"ARMENIA - CALARCA , ARMENIA - LA TEBAIDA , ARMENIA - LA TEBAIDA",ARMENIA,CALARCA,1,3,2026-04-22 20:01:39
1072,VILLAVICENCIO - LEJANIAS,VILLAVICENCIO,LEJANIAS,0,1,2026-04-22 20:01:39
1073,MEDELLIN - SABANETA,MEDELLIN,SABANETA,0,1,2026-04-22 20:01:39
1074,"RIOHACHA - HATONUEVO , RIOHACHA - MANAURE",RIOHACHA,HATONUEVO,1,2,2026-04-22 20:01:39
1075,BOGOTA D.C. - FUNDACION,BOGOTA D.C.,FUNDACION,0,1,2026-04-22 20:01:39
1076,BOGOTA D.C. - MURILLO,BOGOTA D.C.,MURILLO,0,1,2026-04-22 20:01:39
1077,BARRANQUILLA - TUBARA,BARRANQUILLA,TUBARA,0,1,2026-04-22 20:01:39
1078,"NEIVA - SAN AGUSTIN , NEIVA - LA ARGENTINA",NEIVA,SAN AGUSTIN,1,2,2026-04-22 20:01:39
1079,MEDELLIN - AMALFI,MEDELLIN,AMALFI,0,1,2026-04-22 20:01:39
1080,BUCARAMANGA - PINCHOTE,BUCARAMANGA,PINCHOTE,0,1,2026-04-22 20:01:39
1081,"TUNJA - MONIQUIRA , TUNJA - DUITAMA",TUNJA,MONIQUIRA,1,2,2026-04-22 20:01:39
1082,"VALLEDUPAR - PELAYA , VALLEDUPAR - BECERRIL",VALLEDUPAR,PELAYA,1,2,2026-04-22 20:01:39
1083,BOGOTA D.C. - ENTRERRIOS,BOGOTA D.C.,ENTRERRIOS,0,1,2026-04-22 20:01:39
1084,VALLEDUPAR - PELAYA,VALLEDUPAR,PELAYA,0,1,2026-04-22 20:01:39
1085,"MANIZALES - RIOSUCIO , MANIZALES - SAN JOSE",MANIZALES,RIOSUCIO,1,2,2026-04-22 20:01:39
1086,"NEIVA - TIMANA , NEIVA - PITALITO",NEIVA,TIMANA,1,2,2026-04-22 20:01:39
1087,"BOGOTA D.C. - AGUSTIN CODAZZI , BOGOTA D.C. - NOVITA",BOGOTA D.C.,AGUSTIN CODAZZI,1,2,2026-04-22 20:01:39
1088,BOGOTA D.C. - EL PLAYON,BOGOTA D.C.,EL PLAYON,0,1,2026-04-22 20:01:39
1089,BOGOTA D.C. - PRADO,BOGOTA D.C.,PRADO,0,1,2026-04-22 20:01:39
1090,PEREIRA - LA VIRGINIA,PEREIRA,LA VIRGINIA,0,1,2026-04-22 20:01:39
1091,QUIBDO - NUQUI,QUIBDO,NUQUI,0,1,2026-04-22 20:01:39
1092,"TUNJA - PAIPA , TUNJA - SORACA",TUNJA,PAIPA,1,2,2026-04-22 20:01:39
1093,VILLAVICENCIO - MESETAS,VILLAVICENCIO,MESETAS,0,1,2026-04-22 20:01:39
1094,BOGOTA D.C. - CUMARIBO - VICHADA,BOGOTA D.C.,CUMARIBO - VICHADA,0,1,2026-04-22 20:01:39
1095,BUCARAMANGA - ONZAGA,BUCARAMANGA,ONZAGA,0,1,2026-04-22 20:01:39
1096,TUNJA - IZA,TUNJA,IZA,0,1,2026-04-22 20:01:39
